sourceName,sourceVersion,device,type,unit,creationDate,startDate,endDate,value
"Pedro’s Apple Watch","5.1.3","<<HKDevice: 0x283e64050>, name:Apple Watch, manufacturer:Apple, model:Watch, hardware:Watch4,2, software:5.1.3>","SwimmingStrokeCount","count",2019-03-10 17:54:34 +0200,2019-03-10 17:52:46 +0200,2019-03-10 17:53:31 +0200,39
"Pedro’s Apple Watch","5.1.3","<<HKDevice: 0x283e67e30>, name:Apple Watch, manufacturer:Apple, model:Watch, hardware:Watch4,2, software:5.1.3>","SwimmingStrokeCount","count",2019-03-10 17:55:05 +0200,2019-03-10 17:54:04 +0200,2019-03-10 17:54:29 +0200,11
"Pedro’s Apple Watch","5.1.3","<<HKDevice: 0x283e67d90>, name:Apple Watch, manufacturer:Apple, model:Watch, hardware:Watch4,2, software:5.1.3>","SwimmingStrokeCount","count",2019-03-10 17:55:33 +0200,2019-03-10 17:54:31 +0200,2019-03-10 17:54:59 +0200,13
"Pedro’s Apple Watch","5.1.3","<<HKDevice: 0x283e667b0>, name:Apple Watch, manufacturer:Apple, model:Watch, hardware:Watch4,2, software:5.1.3>","SwimmingStrokeCount","count",2019-03-10 17:56:07 +0200,2019-03-10 17:55:01 +0200,2019-03-10 17:55:29 +0200,11
"Pedro’s Apple Watch","5.1.3","<<HKDevice: 0x283e67ac0>, name:Apple Watch, manufacturer:Apple, model:Watch, hardware:Watch4,2, software:5.1.3>","SwimmingStrokeCount","count",2019-03-10 17:57:39 +0200,2019-03-10 17:55:32 +0200,2019-03-10 17:55:59 +0200,11
"Pedro’s Apple Watch","5.1.3","<<HKDevice: 0x283e67750>, name:Apple Watch, manufacturer:Apple, model:Watch, hardware:Watch4,2, software:5.1.3>","SwimmingStrokeCount","count",2019-03-10 17:58:10 +0200,2019-03-10 17:57:08 +0200,2019-03-10 17:57:36 +0200,12
"Pedro’s Apple Watch","5.1.3","<<HKDevice: 0x283e67070>, name:Apple Watch, manufacturer:Apple, model:Watch, hardware:Watch4,2, software:5.1.3>","SwimmingStrokeCount","count",2019-03-10 17:58:41 +0200,2019-03-10 17:57:40 +0200,2019-03-10 17:58:04 +0200,10
"Pedro’s Apple Watch","5.1.3","<<HKDevice: 0x283e67890>, name:Apple Watch, manufacturer:Apple, model:Watch, hardware:Watch4,2, software:5.1.3>","SwimmingStrokeCount","count",2019-03-10 17:59:14 +0200,2019-03-10 17:58:05 +0200,2019-03-10 17:58:36 +0200,14
"Pedro’s Apple Watch","5.1.3","<<HKDevice: 0x283e67bb0>, name:Apple Watch, manufacturer:Apple, model:Watch, hardware:Watch4,2, software:5.1.3>","SwimmingStrokeCount","count",2019-03-10 17:59:45 +0200,2019-03-10 17:58:36 +0200,2019-03-10 17:59:07 +0200,12
"Pedro’s Apple Watch","5.1.3","<<HKDevice: 0x283e67a20>, name:Apple Watch, manufacturer:Apple, model:Watch, hardware:Watch4,2, software:5.1.3>","SwimmingStrokeCount","count",2019-03-10 18:00:16 +0200,2019-03-10 17:59:11 +0200,2019-03-10 17:59:38 +0200,11
"Pedro’s Apple Watch","5.1.3","<<HKDevice: 0x283e676b0>, name:Apple Watch, manufacturer:Apple, model:Watch, hardware:Watch4,2, software:5.1.3>","SwimmingStrokeCount","count",2019-03-10 18:00:47 +0200,2019-03-10 17:59:40 +0200,2019-03-10 18:00:08 +0200,11
"Pedro’s Apple Watch","5.1.3","<<HKDevice: 0x283e67570>, name:Apple Watch, manufacturer:Apple, model:Watch, hardware:Watch4,2, software:5.1.3>","SwimmingStrokeCount","count",2019-03-10 18:01:17 +0200,2019-03-10 18:00:08 +0200,2019-03-10 18:00:38 +0200,12
"Pedro’s Apple Watch","5.1.3","<<HKDevice: 0x283e64ff0>, name:Apple Watch, manufacturer:Apple, model:Watch, hardware:Watch4,2, software:5.1.3>","SwimmingStrokeCount","count",2019-03-10 18:01:48 +0200,2019-03-10 18:00:42 +0200,2019-03-10 18:01:13 +0200,14
"Pedro’s Apple Watch","5.1.3","<<HKDevice: 0x283e67b60>, name:Apple Watch, manufacturer:Apple, model:Watch, hardware:Watch4,2, software:5.1.3>","SwimmingStrokeCount","count",2019-03-10 18:02:21 +0200,2019-03-10 18:01:19 +0200,2019-03-10 18:01:43 +0200,10
"Pedro’s Apple Watch","5.1.3","<<HKDevice: 0x283e66260>, name:Apple Watch, manufacturer:Apple, model:Watch, hardware:Watch4,2, software:5.1.3>","SwimmingStrokeCount","count",2019-03-10 18:02:52 +0200,2019-03-10 18:01:45 +0200,2019-03-10 18:02:15 +0200,13
"Pedro’s Apple Watch","5.1.3","<<HKDevice: 0x283e65ea0>, name:Apple Watch, manufacturer:Apple, model:Watch, hardware:Watch4,2, software:5.1.3>","SwimmingStrokeCount","count",2019-03-10 18:03:21 +0200,2019-03-10 18:02:18 +0200,2019-03-10 18:02:47 +0200,12
"Pedro’s Apple Watch","5.1.3","<<HKDevice: 0x283e67430>, name:Apple Watch, manufacturer:Apple, model:Watch, hardware:Watch4,2, software:5.1.3>","SwimmingStrokeCount","count",2019-03-10 18:03:51 +0200,2019-03-10 18:02:48 +0200,2019-03-10 18:03:16 +0200,12
"Pedro’s Apple Watch","5.1.3","<<HKDevice: 0x283e66a80>, name:Apple Watch, manufacturer:Apple, model:Watch, hardware:Watch4,2, software:5.1.3>","SwimmingStrokeCount","count",2019-03-10 18:04:27 +0200,2019-03-10 18:03:18 +0200,2019-03-10 18:03:46 +0200,12
"Pedro’s Apple Watch","5.1.3","<<HKDevice: 0x283e65fe0>, name:Apple Watch, manufacturer:Apple, model:Watch, hardware:Watch4,2, software:5.1.3>","SwimmingStrokeCount","count",2019-03-10 18:07:25 +0200,2019-03-10 18:03:46 +0200,2019-03-10 18:04:15 +0200,13
"Pedro’s Apple Watch","5.1.3","<<HKDevice: 0x283e66210>, name:Apple Watch, manufacturer:Apple, model:Watch, hardware:Watch4,2, software:5.1.3>","SwimmingStrokeCount","count",2019-03-10 18:07:55 +0200,2019-03-10 18:06:55 +0200,2019-03-10 18:07:19 +0200,10
"Pedro’s Apple Watch","5.1.3","<<HKDevice: 0x283e675c0>, name:Apple Watch, manufacturer:Apple, model:Watch, hardware:Watch4,2, software:5.1.3>","SwimmingStrokeCount","count",2019-03-10 18:08:24 +0200,2019-03-10 18:07:20 +0200,2019-03-10 18:07:49 +0200,12
"Pedro’s Apple Watch","5.1.3","<<HKDevice: 0x283e65450>, name:Apple Watch, manufacturer:Apple, model:Watch, hardware:Watch4,2, software:5.1.3>","SwimmingStrokeCount","count",2019-03-10 18:08:54 +0200,2019-03-10 18:07:51 +0200,2019-03-10 18:08:19 +0200,11
"Pedro’s Apple Watch","5.1.3","<<HKDevice: 0x283e66d00>, name:Apple Watch, manufacturer:Apple, model:Watch, hardware:Watch4,2, software:5.1.3>","SwimmingStrokeCount","count",2019-03-10 18:09:25 +0200,2019-03-10 18:08:21 +0200,2019-03-10 18:08:48 +0200,11
"Pedro’s Apple Watch","5.1.3","<<HKDevice: 0x283e665d0>, name:Apple Watch, manufacturer:Apple, model:Watch, hardware:Watch4,2, software:5.1.3>","SwimmingStrokeCount","count",2019-03-10 18:09:56 +0200,2019-03-10 18:08:49 +0200,2019-03-10 18:09:21 +0200,14
"Pedro’s Apple Watch","5.1.3","<<HKDevice: 0x283e65540>, name:Apple Watch, manufacturer:Apple, model:Watch, hardware:Watch4,2, software:5.1.3>","SwimmingStrokeCount","count",2019-03-10 18:10:27 +0200,2019-03-10 18:09:22 +0200,2019-03-10 18:09:51 +0200,12
"Pedro’s Apple Watch","5.1.3","<<HKDevice: 0x283e66670>, name:Apple Watch, manufacturer:Apple, model:Watch, hardware:Watch4,2, software:5.1.3>","SwimmingStrokeCount","count",2019-03-10 18:11:03 +0200,2019-03-10 18:09:56 +0200,2019-03-10 18:10:21 +0200,11
"Pedro’s Apple Watch","5.1.3","<<HKDevice: 0x283e662b0>, name:Apple Watch, manufacturer:Apple, model:Watch, hardware:Watch4,2, software:5.1.3>","SwimmingStrokeCount","count",2019-03-10 18:11:39 +0200,2019-03-10 18:10:27 +0200,2019-03-10 18:10:55 +0200,12
"Pedro’s Apple Watch","5.1.3","<<HKDevice: 0x283e66490>, name:Apple Watch, manufacturer:Apple, model:Watch, hardware:Watch4,2, software:5.1.3>","SwimmingStrokeCount","count",2019-03-10 18:12:12 +0200,2019-03-10 18:11:05 +0200,2019-03-10 18:11:35 +0200,12
"Pedro’s Apple Watch","5.1.3","<<HKDevice: 0x283e66300>, name:Apple Watch, manufacturer:Apple, model:Watch, hardware:Watch4,2, software:5.1.3>","SwimmingStrokeCount","count",2019-03-10 18:12:43 +0200,2019-03-10 18:11:35 +0200,2019-03-10 18:12:08 +0200,14
"Pedro’s Apple Watch","5.1.3","<<HKDevice: 0x283e65db0>, name:Apple Watch, manufacturer:Apple, model:Watch, hardware:Watch4,2, software:5.1.3>","SwimmingStrokeCount","count",2019-03-10 18:13:16 +0200,2019-03-10 18:12:11 +0200,2019-03-10 18:12:35 +0200,9
"Pedro’s Apple Watch","5.1.3","<<HKDevice: 0x283e66800>, name:Apple Watch, manufacturer:Apple, model:Watch, hardware:Watch4,2, software:5.1.3>","SwimmingStrokeCount","count",2019-03-10 18:17:15 +0200,2019-03-10 18:12:39 +0200,2019-03-10 18:13:08 +0200,12
"Pedro’s Apple Watch","5.1.3","<<HKDevice: 0x283e66440>, name:Apple Watch, manufacturer:Apple, model:Watch, hardware:Watch4,2, software:5.1.3>","SwimmingStrokeCount","count",2019-03-10 18:18:01 +0200,2019-03-10 18:16:43 +0200,2019-03-10 18:17:08 +0200,11
"Pedro’s Apple Watch","5.1.3","<<HKDevice: 0x283e67660>, name:Apple Watch, manufacturer:Apple, model:Watch, hardware:Watch4,2, software:5.1.3>","SwimmingStrokeCount","count",2019-03-10 18:18:32 +0200,2019-03-10 18:17:29 +0200,2019-03-10 18:17:55 +0200,11
"Pedro’s Apple Watch","5.1.3","<<HKDevice: 0x283e67390>, name:Apple Watch, manufacturer:Apple, model:Watch, hardware:Watch4,2, software:5.1.3>","SwimmingStrokeCount","count",2019-03-10 18:19:00 +0200,2019-03-10 18:18:00 +0200,2019-03-10 18:18:26 +0200,12
"Pedro’s Apple Watch","5.1.3","<<HKDevice: 0x283e66c60>, name:Apple Watch, manufacturer:Apple, model:Watch, hardware:Watch4,2, software:5.1.3>","SwimmingStrokeCount","count",2019-03-10 18:19:31 +0200,2019-03-10 18:18:28 +0200,2019-03-10 18:18:57 +0200,11
"Pedro’s Apple Watch","5.1.3","<<HKDevice: 0x283e668a0>, name:Apple Watch, manufacturer:Apple, model:Watch, hardware:Watch4,2, software:5.1.3>","SwimmingStrokeCount","count",2019-03-10 18:19:59 +0200,2019-03-10 18:18:58 +0200,2019-03-10 18:19:27 +0200,11
"Pedro’s Apple Watch","5.1.3","<<HKDevice: 0x283e671b0>, name:Apple Watch, manufacturer:Apple, model:Watch, hardware:Watch4,2, software:5.1.3>","SwimmingStrokeCount","count",2019-03-10 18:20:33 +0200,2019-03-10 18:19:27 +0200,2019-03-10 18:19:55 +0200,11
"Pedro’s Apple Watch","5.1.3","<<HKDevice: 0x283e66e90>, name:Apple Watch, manufacturer:Apple, model:Watch, hardware:Watch4,2, software:5.1.3>","SwimmingStrokeCount","count",2019-03-10 18:21:55 +0200,2019-03-10 18:19:58 +0200,2019-03-10 18:20:26 +0200,11
"Pedro’s Apple Watch","5.1.3","<<HKDevice: 0x283e677f0>, name:Apple Watch, manufacturer:Apple, model:Watch, hardware:Watch4,2, software:5.1.3>","SwimmingStrokeCount","count",2019-03-10 18:22:59 +0200,2019-03-10 18:21:13 +0200,2019-03-10 18:21:40 +0200,11
"Pedro’s Apple Watch","5.1.3","<<HKDevice: 0x283e66cb0>, name:Apple Watch, manufacturer:Apple, model:Watch, hardware:Watch4,2, software:5.1.3>","SwimmingStrokeCount","count",2019-03-10 18:23:27 +0200,2019-03-10 18:22:24 +0200,2019-03-10 18:22:52 +0200,12
"Pedro’s Apple Watch","5.1.3","<<HKDevice: 0x283e674d0>, name:Apple Watch, manufacturer:Apple, model:Watch, hardware:Watch4,2, software:5.1.3>","SwimmingStrokeCount","count",2019-03-10 18:23:56 +0200,2019-03-10 18:22:55 +0200,2019-03-10 18:23:19 +0200,11
"Pedro’s Apple Watch","5.1.3","<<HKDevice: 0x283e66c10>, name:Apple Watch, manufacturer:Apple, model:Watch, hardware:Watch4,2, software:5.1.3>","SwimmingStrokeCount","count",2019-03-10 18:24:24 +0200,2019-03-10 18:23:23 +0200,2019-03-10 18:23:49 +0200,11
"Pedro’s Apple Watch","5.1.3","<<HKDevice: 0x283e66b70>, name:Apple Watch, manufacturer:Apple, model:Watch, hardware:Watch4,2, software:5.1.3>","SwimmingStrokeCount","count",2019-03-10 18:24:52 +0200,2019-03-10 18:23:51 +0200,2019-03-10 18:24:18 +0200,11
"Pedro’s Apple Watch","5.1.3","<<HKDevice: 0x283e66ad0>, name:Apple Watch, manufacturer:Apple, model:Watch, hardware:Watch4,2, software:5.1.3>","SwimmingStrokeCount","count",2019-03-10 18:25:23 +0200,2019-03-10 18:24:21 +0200,2019-03-10 18:24:47 +0200,11
"Pedro’s Apple Watch","5.1.3","<<HKDevice: 0x283e66a30>, name:Apple Watch, manufacturer:Apple, model:Watch, hardware:Watch4,2, software:5.1.3>","SwimmingStrokeCount","count",2019-03-10 18:25:54 +0200,2019-03-10 18:24:50 +0200,2019-03-10 18:25:16 +0200,11
"Pedro’s Apple Watch","5.1.3","<<HKDevice: 0x283e67160>, name:Apple Watch, manufacturer:Apple, model:Watch, hardware:Watch4,2, software:5.1.3>","SwimmingStrokeCount","count",2019-03-10 18:26:25 +0200,2019-03-10 18:25:19 +0200,2019-03-10 18:25:46 +0200,12
"Pedro’s Apple Watch","5.1.3","<<HKDevice: 0x283e670c0>, name:Apple Watch, manufacturer:Apple, model:Watch, hardware:Watch4,2, software:5.1.3>","SwimmingStrokeCount","count",2019-03-10 18:26:55 +0200,2019-03-10 18:25:51 +0200,2019-03-10 18:26:19 +0200,12
"Pedro’s Apple Watch","5.1.3","<<HKDevice: 0x283e67020>, name:Apple Watch, manufacturer:Apple, model:Watch, hardware:Watch4,2, software:5.1.3>","SwimmingStrokeCount","count",2019-03-10 18:27:26 +0200,2019-03-10 18:26:20 +0200,2019-03-10 18:26:51 +0200,13
"Pedro’s Apple Watch","5.1.3","<<HKDevice: 0x283e66df0>, name:Apple Watch, manufacturer:Apple, model:Watch, hardware:Watch4,2, software:5.1.3>","SwimmingStrokeCount","count",2019-03-10 18:27:57 +0200,2019-03-10 18:26:52 +0200,2019-03-10 18:27:21 +0200,12
"Pedro’s Apple Watch","5.1.3","<<HKDevice: 0x283e65130>, name:Apple Watch, manufacturer:Apple, model:Watch, hardware:Watch4,2, software:5.1.3>","SwimmingStrokeCount","count",2019-03-10 18:28:28 +0200,2019-03-10 18:27:26 +0200,2019-03-10 18:27:52 +0200,11
"Pedro’s Apple Watch","5.1.3","<<HKDevice: 0x283e654a0>, name:Apple Watch, manufacturer:Apple, model:Watch, hardware:Watch4,2, software:5.1.3>","SwimmingStrokeCount","count",2019-03-10 18:28:59 +0200,2019-03-10 18:27:52 +0200,2019-03-10 18:28:22 +0200,13
"Pedro’s Apple Watch","5.1.3","<<HKDevice: 0x283e642d0>, name:Apple Watch, manufacturer:Apple, model:Watch, hardware:Watch4,2, software:5.1.3>","SwimmingStrokeCount","count",2019-03-10 18:29:33 +0200,2019-03-10 18:28:22 +0200,2019-03-10 18:28:53 +0200,13
"Pedro’s Apple Watch","5.1.3","<<HKDevice: 0x283e64230>, name:Apple Watch, manufacturer:Apple, model:Watch, hardware:Watch4,2, software:5.1.3>","SwimmingStrokeCount","count",2019-03-10 18:30:03 +0200,2019-03-10 18:28:54 +0200,2019-03-10 18:29:30 +0200,15
"Pedro’s Apple Watch","5.1.3","<<HKDevice: 0x283e67cf0>, name:Apple Watch, manufacturer:Apple, model:Watch, hardware:Watch4,2, software:5.1.3>","SwimmingStrokeCount","count",2019-03-10 18:30:34 +0200,2019-03-10 18:29:33 +0200,2019-03-10 18:29:57 +0200,10
"Pedro’s Apple Watch","5.1.3","<<HKDevice: 0x283e65d10>, name:Apple Watch, manufacturer:Apple, model:Watch, hardware:Watch4,2, software:5.1.3>","SwimmingStrokeCount","count",2019-03-10 18:31:04 +0200,2019-03-10 18:29:57 +0200,2019-03-10 18:30:30 +0200,14
"Pedro’s Apple Watch","5.1.3","<<HKDevice: 0x283e640a0>, name:Apple Watch, manufacturer:Apple, model:Watch, hardware:Watch4,2, software:5.1.3>","SwimmingStrokeCount","count",2019-03-10 18:31:38 +0200,2019-03-10 18:30:33 +0200,2019-03-10 18:30:58 +0200,11
"Pedro’s Apple Watch","5.1.3","<<HKDevice: 0x283e651d0>, name:Apple Watch, manufacturer:Apple, model:Watch, hardware:Watch4,2, software:5.1.3>","SwimmingStrokeCount","count",2019-03-10 18:32:09 +0200,2019-03-10 18:31:04 +0200,2019-03-10 18:31:33 +0200,13
"Pedro’s Apple Watch","5.1.3","<<HKDevice: 0x283e66850>, name:Apple Watch, manufacturer:Apple, model:Watch, hardware:Watch4,2, software:5.1.3>","SwimmingStrokeCount","count",2019-03-10 18:32:42 +0200,2019-03-10 18:31:33 +0200,2019-03-10 18:32:02 +0200,12
"Pedro’s Apple Watch","5.1.3","<<HKDevice: 0x283e64f50>, name:Apple Watch, manufacturer:Apple, model:Watch, hardware:Watch4,2, software:5.1.3>","SwimmingStrokeCount","count",2019-03-10 18:36:51 +0200,2019-03-10 18:32:04 +0200,2019-03-10 18:32:32 +0200,12
"Pedro’s Apple Watch","5.1.3","<<HKDevice: 0x283e65270>, name:Apple Watch, manufacturer:Apple, model:Watch, hardware:Watch4,2, software:5.1.3>","SwimmingStrokeCount","count",2019-03-10 18:37:22 +0200,2019-03-10 18:36:21 +0200,2019-03-10 18:36:45 +0200,10
"Pedro’s Apple Watch","5.1.3","<<HKDevice: 0x283e64fa0>, name:Apple Watch, manufacturer:Apple, model:Watch, hardware:Watch4,2, software:5.1.3>","SwimmingStrokeCount","count",2019-03-10 18:37:55 +0200,2019-03-10 18:36:48 +0200,2019-03-10 18:37:18 +0200,12
"Pedro’s Apple Watch","5.1.3","<<HKDevice: 0x283e64140>, name:Apple Watch, manufacturer:Apple, model:Watch, hardware:Watch4,2, software:5.1.3>","SwimmingStrokeCount","count",2019-03-10 18:38:26 +0200,2019-03-10 18:37:19 +0200,2019-03-10 18:37:50 +0200,12
"Pedro’s Apple Watch","5.1.3","<<HKDevice: 0x283e641e0>, name:Apple Watch, manufacturer:Apple, model:Watch, hardware:Watch4,2, software:5.1.3>","SwimmingStrokeCount","count",2019-03-10 18:38:57 +0200,2019-03-10 18:37:50 +0200,2019-03-10 18:38:22 +0200,13
"Pedro’s Apple Watch","5.1.3","<<HKDevice: 0x283e66120>, name:Apple Watch, manufacturer:Apple, model:Watch, hardware:Watch4,2, software:5.1.3>","SwimmingStrokeCount","count",2019-03-10 18:39:28 +0200,2019-03-10 18:38:22 +0200,2019-03-10 18:38:51 +0200,12
"Pedro’s Apple Watch","5.1.3","<<HKDevice: 0x283e64780>, name:Apple Watch, manufacturer:Apple, model:Watch, hardware:Watch4,2, software:5.1.3>","SwimmingStrokeCount","count",2019-03-10 18:40:01 +0200,2019-03-10 18:38:54 +0200,2019-03-10 18:39:24 +0200,12
"Pedro’s Apple Watch","5.1.3","<<HKDevice: 0x283e64be0>, name:Apple Watch, manufacturer:Apple, model:Watch, hardware:Watch4,2, software:5.1.3>","SwimmingStrokeCount","count",2019-03-10 18:40:32 +0200,2019-03-10 18:39:26 +0200,2019-03-10 18:39:54 +0200,11
"Pedro’s Apple Watch","5.1.3","<<HKDevice: 0x283e66030>, name:Apple Watch, manufacturer:Apple, model:Watch, hardware:Watch4,2, software:5.1.3>","SwimmingStrokeCount","count",2019-03-10 18:41:41 +0200,2019-03-10 18:39:54 +0200,2019-03-10 18:40:26 +0200,12
"Pedro’s Apple Watch","5.1.3","<<HKDevice: 0x283e66f80>, name:Apple Watch, manufacturer:Apple, model:Watch, hardware:Watch4,2, software:5.1.3>","SwimmingStrokeCount","count",2019-03-10 18:42:09 +0200,2019-03-10 18:41:09 +0200,2019-03-10 18:41:33 +0200,10
"Pedro’s Apple Watch","5.1.3","<<HKDevice: 0x283e66da0>, name:Apple Watch, manufacturer:Apple, model:Watch, hardware:Watch4,2, software:5.1.3>","SwimmingStrokeCount","count",2019-03-10 18:42:38 +0200,2019-03-10 18:41:38 +0200,2019-03-10 18:42:04 +0200,11
"Pedro’s Apple Watch","5.1.3","<<HKDevice: 0x283e66580>, name:Apple Watch, manufacturer:Apple, model:Watch, hardware:Watch4,2, software:5.1.3>","SwimmingStrokeCount","count",2019-03-10 18:43:06 +0200,2019-03-10 18:42:05 +0200,2019-03-10 18:42:34 +0200,13
"Pedro’s Apple Watch","5.1.3","<<HKDevice: 0x283e64c80>, name:Apple Watch, manufacturer:Apple, model:Watch, hardware:Watch4,2, software:5.1.3>","SwimmingStrokeCount","count",2019-03-10 18:43:34 +0200,2019-03-10 18:42:35 +0200,2019-03-10 18:43:02 +0200,12
"Pedro’s Apple Watch","5.1.3","<<HKDevice: 0x283e659f0>, name:Apple Watch, manufacturer:Apple, model:Watch, hardware:Watch4,2, software:5.1.3>","SwimmingStrokeCount","count",2019-03-10 18:44:02 +0200,2019-03-10 18:43:05 +0200,2019-03-10 18:43:29 +0200,12
"Pedro’s Apple Watch","5.1.3","<<HKDevice: 0x283e65680>, name:Apple Watch, manufacturer:Apple, model:Watch, hardware:Watch4,2, software:5.1.3>","SwimmingStrokeCount","count",2019-03-10 18:44:28 +0200,2019-03-10 18:43:31 +0200,2019-03-10 18:43:58 +0200,12
"Pedro’s Apple Watch","5.1.3","<<HKDevice: 0x283e64550>, name:Apple Watch, manufacturer:Apple, model:Watch, hardware:Watch4,2, software:5.1.3>","SwimmingStrokeCount","count",2019-03-10 18:45:27 +0200,2019-03-10 18:44:02 +0200,2019-03-10 18:44:24 +0200,10
"Pedro’s Apple Watch","5.1.3","<<HKDevice: 0x283e649b0>, name:Apple Watch, manufacturer:Apple, model:Watch, hardware:Watch4,2, software:5.1.3>","SwimmingStrokeCount","count",2019-03-10 18:49:26 +0200,2019-03-10 18:44:28 +0200,2019-03-10 18:44:47 +0200,9
"Pedro’s Apple Watch","5.1.3","<<HKDevice: 0x283e64910>, name:Apple Watch, manufacturer:Apple, model:Watch, hardware:Watch4,2, software:5.1.3>","SwimmingStrokeCount","count",2019-03-10 18:49:26 +0200,2019-03-10 18:48:25 +0200,2019-03-10 18:48:59 +0200,6
"Pedro’s Apple Watch","5.2","<<HKDevice: 0x283e65950>, name:Apple Watch, manufacturer:Apple, model:Watch, hardware:Watch4,2, software:5.2>","SwimmingStrokeCount","count",2019-05-26 15:34:37 +0200,2019-05-26 15:31:19 +0200,2019-05-26 15:32:07 +0200,27
"Pedro’s Apple Watch","5.2","<<HKDevice: 0x283e658b0>, name:Apple Watch, manufacturer:Apple, model:Watch, hardware:Watch4,2, software:5.2>","SwimmingStrokeCount","count",2019-05-26 15:36:43 +0200,2019-05-26 15:33:05 +0200,2019-05-26 15:34:30 +0200,38
"Pedro’s Apple Watch","5.2","<<HKDevice: 0x283e67de0>, name:Apple Watch, manufacturer:Apple, model:Watch, hardware:Watch4,2, software:5.2>","SwimmingStrokeCount","count",2019-05-26 15:37:45 +0200,2019-05-26 15:35:38 +0200,2019-05-26 15:36:29 +0200,28
"Pedro’s Apple Watch","5.2","<<HKDevice: 0x283e66080>, name:Apple Watch, manufacturer:Apple, model:Watch, hardware:Watch4,2, software:5.2>","SwimmingStrokeCount","count",2019-05-26 15:39:07 +0200,2019-05-26 15:36:49 +0200,2019-05-26 15:37:37 +0200,25
"Pedro’s Apple Watch","5.2","<<HKDevice: 0x283e64af0>, name:Apple Watch, manufacturer:Apple, model:Watch, hardware:Watch4,2, software:5.2>","SwimmingStrokeCount","count",2019-05-26 15:40:50 +0200,2019-05-26 15:37:39 +0200,2019-05-26 15:38:51 +0200,29
"Pedro’s Apple Watch","5.2","<<HKDevice: 0x283e645f0>, name:Apple Watch, manufacturer:Apple, model:Watch, hardware:Watch4,2, software:5.2>","SwimmingStrokeCount","count",2019-05-26 15:42:04 +0200,2019-05-26 15:39:46 +0200,2019-05-26 15:40:38 +0200,26
"Pedro’s Apple Watch","5.2","<<HKDevice: 0x283e640f0>, name:Apple Watch, manufacturer:Apple, model:Watch, hardware:Watch4,2, software:5.2>","SwimmingStrokeCount","count",2019-05-26 15:43:03 +0200,2019-05-26 15:41:10 +0200,2019-05-26 15:42:00 +0200,24
"Pedro’s Apple Watch","5.2","<<HKDevice: 0x283e64730>, name:Apple Watch, manufacturer:Apple, model:Watch, hardware:Watch4,2, software:5.2>","SwimmingStrokeCount","count",2019-05-26 15:44:12 +0200,2019-05-26 15:42:01 +0200,2019-05-26 15:42:56 +0200,28
"Pedro’s Apple Watch","5.2","<<HKDevice: 0x283e64280>, name:Apple Watch, manufacturer:Apple, model:Watch, hardware:Watch4,2, software:5.2>","SwimmingStrokeCount","count",2019-05-26 15:45:35 +0200,2019-05-26 15:43:15 +0200,2019-05-26 15:44:06 +0200,26
"Pedro’s Apple Watch","5.2","<<HKDevice: 0x283e65c70>, name:Apple Watch, manufacturer:Apple, model:Watch, hardware:Watch4,2, software:5.2>","SwimmingStrokeCount","count",2019-05-26 15:46:44 +0200,2019-05-26 15:44:39 +0200,2019-05-26 15:45:26 +0200,22
"Pedro’s Apple Watch","5.2","<<HKDevice: 0x283e67a70>, name:Apple Watch, manufacturer:Apple, model:Watch, hardware:Watch4,2, software:5.2>","SwimmingStrokeCount","count",2019-05-26 15:48:06 +0200,2019-05-26 15:45:46 +0200,2019-05-26 15:46:36 +0200,27
"Pedro’s Apple Watch","5.2","<<HKDevice: 0x283e647d0>, name:Apple Watch, manufacturer:Apple, model:Watch, hardware:Watch4,2, software:5.2>","SwimmingStrokeCount","count",2019-05-26 15:49:28 +0200,2019-05-26 15:47:07 +0200,2019-05-26 15:48:01 +0200,32
"Pedro’s Apple Watch","5.2","<<HKDevice: 0x283e64aa0>, name:Apple Watch, manufacturer:Apple, model:Watch, hardware:Watch4,2, software:5.2>","SwimmingStrokeCount","count",2019-05-26 15:51:00 +0200,2019-05-26 15:48:29 +0200,2019-05-26 15:49:20 +0200,26
"Pedro’s Apple Watch","5.2","<<HKDevice: 0x283e64820>, name:Apple Watch, manufacturer:Apple, model:Watch, hardware:Watch4,2, software:5.2>","SwimmingStrokeCount","count",2019-05-26 15:53:09 +0200,2019-05-26 15:50:06 +0200,2019-05-26 15:50:53 +0200,24
"Pedro’s Apple Watch","5.2","<<HKDevice: 0x283e65f90>, name:Apple Watch, manufacturer:Apple, model:Watch, hardware:Watch4,2, software:5.2>","SwimmingStrokeCount","count",2019-05-26 15:55:02 +0200,2019-05-26 15:52:00 +0200,2019-05-26 15:52:57 +0200,30
"Pedro’s Apple Watch","5.2","<<HKDevice: 0x283e650e0>, name:Apple Watch, manufacturer:Apple, model:Watch, hardware:Watch4,2, software:5.2>","SwimmingStrokeCount","count",2019-05-26 15:55:58 +0200,2019-05-26 15:54:07 +0200,2019-05-26 15:54:54 +0200,24
"Pedro’s Apple Watch","5.2","<<HKDevice: 0x283e65590>, name:Apple Watch, manufacturer:Apple, model:Watch, hardware:Watch4,2, software:5.2>","SwimmingStrokeCount","count",2019-05-26 15:57:10 +0200,2019-05-26 15:54:58 +0200,2019-05-26 15:55:50 +0200,27
"Pedro’s Apple Watch","5.2","<<HKDevice: 0x283e64dc0>, name:Apple Watch, manufacturer:Apple, model:Watch, hardware:Watch4,2, software:5.2>","SwimmingStrokeCount","count",2019-05-26 15:58:48 +0200,2019-05-26 15:56:11 +0200,2019-05-26 15:57:02 +0200,26
"Pedro’s Apple Watch","5.2","<<HKDevice: 0x283e67f20>, name:Apple Watch, manufacturer:Apple, model:Watch, hardware:Watch4,2, software:5.2>","SwimmingStrokeCount","count",2019-05-26 15:59:57 +0200,2019-05-26 15:57:49 +0200,2019-05-26 15:58:41 +0200,26
"Pedro’s Apple Watch","5.2","<<HKDevice: 0x283e64a00>, name:Apple Watch, manufacturer:Apple, model:Watch, hardware:Watch4,2, software:5.2>","SwimmingStrokeCount","count",2019-05-26 16:01:06 +0200,2019-05-26 15:58:56 +0200,2019-05-26 15:59:47 +0200,26
"Pedro’s Apple Watch","5.2","<<HKDevice: 0x283d8e800>, name:Apple Watch, manufacturer:Apple, model:Watch, hardware:Watch4,2, software:5.2>","SwimmingStrokeCount","count",2019-05-26 16:01:32 +0200,2019-05-26 16:00:05 +0200,2019-05-26 16:00:57 +0200,26
"Pedro’s Apple Watch","5.2","<<HKDevice: 0x283d8efd0>, name:Apple Watch, manufacturer:Apple, model:Watch, hardware:Watch4,2, software:5.2>","SwimmingStrokeCount","count",2019-05-26 16:04:10 +0200,2019-05-26 16:01:12 +0200,2019-05-26 16:01:26 +0200,5
"Pedro’s Apple Watch","5.2.1","<<HKDevice: 0x283d8f610>, name:Apple Watch, manufacturer:Apple Inc., model:Watch, hardware:Watch4,2, software:5.2.1>","SwimmingStrokeCount","count",2019-06-01 16:39:55 +0200,2019-06-01 16:37:53 +0200,2019-06-01 16:38:43 +0200,29
"Pedro’s Apple Watch","5.2.1","<<HKDevice: 0x283d8fac0>, name:Apple Watch, manufacturer:Apple Inc., model:Watch, hardware:Watch4,2, software:5.2.1>","SwimmingStrokeCount","count",2019-06-01 16:40:54 +0200,2019-06-01 16:39:00 +0200,2019-06-01 16:39:47 +0200,26
"Pedro’s Apple Watch","5.2.1","<<HKDevice: 0x283d8e4e0>, name:Apple Watch, manufacturer:Apple Inc., model:Watch, hardware:Watch4,2, software:5.2.1>","SwimmingStrokeCount","count",2019-06-01 16:41:50 +0200,2019-06-01 16:39:54 +0200,2019-06-01 16:40:46 +0200,28
"Pedro’s Apple Watch","5.2.1","<<HKDevice: 0x283d8fe30>, name:Apple Watch, manufacturer:Apple Inc., model:Watch, hardware:Watch4,2, software:5.2.1>","SwimmingStrokeCount","count",2019-06-01 16:42:54 +0200,2019-06-01 16:40:53 +0200,2019-06-01 16:41:44 +0200,26
"Pedro’s Apple Watch","5.2.1","<<HKDevice: 0x283d8f480>, name:Apple Watch, manufacturer:Apple Inc., model:Watch, hardware:Watch4,2, software:5.2.1>","SwimmingStrokeCount","count",2019-06-01 16:44:19 +0200,2019-06-01 16:41:50 +0200,2019-06-01 16:42:43 +0200,27
"Pedro’s Apple Watch","5.2.1","<<HKDevice: 0x283d8cc80>, name:Apple Watch, manufacturer:Apple Inc., model:Watch, hardware:Watch4,2, software:5.2.1>","SwimmingStrokeCount","count",2019-06-01 16:45:16 +0200,2019-06-01 16:43:23 +0200,2019-06-01 16:44:14 +0200,25
"Pedro’s Apple Watch","5.2.1","<<HKDevice: 0x283d8c0f0>, name:Apple Watch, manufacturer:Apple Inc., model:Watch, hardware:Watch4,2, software:5.2.1>","SwimmingStrokeCount","count",2019-06-01 16:47:34 +0200,2019-06-01 16:44:20 +0200,2019-06-01 16:45:08 +0200,24
"Pedro’s Apple Watch","5.2.1","<<HKDevice: 0x283d8e670>, name:Apple Watch, manufacturer:Apple Inc., model:Watch, hardware:Watch4,2, software:5.2.1>","SwimmingStrokeCount","count",2019-06-01 16:48:28 +0200,2019-06-01 16:46:40 +0200,2019-06-01 16:47:29 +0200,23
"Pedro’s Apple Watch","5.2.1","<<HKDevice: 0x283d8e8a0>, name:Apple Watch, manufacturer:Apple Inc., model:Watch, hardware:Watch4,2, software:5.2.1>","SwimmingStrokeCount","count",2019-06-01 16:49:30 +0200,2019-06-01 16:47:35 +0200,2019-06-01 16:48:21 +0200,23
"Pedro’s Apple Watch","5.2.1","<<HKDevice: 0x283d8e120>, name:Apple Watch, manufacturer:Apple Inc., model:Watch, hardware:Watch4,2, software:5.2.1>","SwimmingStrokeCount","count",2019-06-01 16:53:39 +0200,2019-06-01 16:48:26 +0200,2019-06-01 16:49:17 +0200,25
"Pedro’s Apple Watch","5.2.1","<<HKDevice: 0x283d8e1c0>, name:Apple Watch, manufacturer:Apple Inc., model:Watch, hardware:Watch4,2, software:5.2.1>","SwimmingStrokeCount","count",2019-06-01 16:54:40 +0200,2019-06-01 16:52:47 +0200,2019-06-01 16:53:34 +0200,24
"Pedro’s Apple Watch","5.2.1","<<HKDevice: 0x283d8e6c0>, name:Apple Watch, manufacturer:Apple Inc., model:Watch, hardware:Watch4,2, software:5.2.1>","SwimmingStrokeCount","count",2019-06-01 16:55:39 +0200,2019-06-01 16:53:43 +0200,2019-06-01 16:54:34 +0200,26
"Pedro’s Apple Watch","5.2.1","<<HKDevice: 0x283d8f200>, name:Apple Watch, manufacturer:Apple Inc., model:Watch, hardware:Watch4,2, software:5.2.1>","SwimmingStrokeCount","count",2019-06-01 16:56:38 +0200,2019-06-01 16:54:36 +0200,2019-06-01 16:55:33 +0200,28
"Pedro’s Apple Watch","5.2.1","<<HKDevice: 0x283d8ee90>, name:Apple Watch, manufacturer:Apple Inc., model:Watch, hardware:Watch4,2, software:5.2.1>","SwimmingStrokeCount","count",2019-06-01 16:57:55 +0200,2019-06-01 16:55:35 +0200,2019-06-01 16:56:29 +0200,27
"Pedro’s Apple Watch","5.2.1","<<HKDevice: 0x283d8e620>, name:Apple Watch, manufacturer:Apple Inc., model:Watch, hardware:Watch4,2, software:5.2.1>","SwimmingStrokeCount","count",2019-06-01 17:04:10 +0200,2019-06-01 16:57:16 +0200,2019-06-01 16:57:28 +0200,9
"Pedro’s Apple Watch","5.2.1","<<HKDevice: 0x283d8e080>, name:Apple Watch, manufacturer:Apple Inc., model:Watch, hardware:Watch4,2, software:5.2.1>","SwimmingStrokeCount","count",2019-06-01 17:04:10 +0200,2019-06-01 16:59:45 +0200,2019-06-01 16:59:56 +0200,5
"Pedro’s Apple Watch","5.2.1","<<HKDevice: 0x283d8f0c0>, name:Apple Watch, manufacturer:Apple Inc., model:Watch, hardware:Watch4,2, software:5.2.1>","SwimmingStrokeCount","count",2019-06-05 15:04:37 +0200,2019-06-05 15:02:54 +0200,2019-06-05 15:03:37 +0200,21
"Pedro’s Apple Watch","5.2.1","<<HKDevice: 0x283d8f160>, name:Apple Watch, manufacturer:Apple Inc., model:Watch, hardware:Watch4,2, software:5.2.1>","SwimmingStrokeCount","count",2019-06-05 15:05:42 +0200,2019-06-05 15:03:42 +0200,2019-06-05 15:04:31 +0200,25
"Pedro’s Apple Watch","5.2.1","<<HKDevice: 0x283d8e3a0>, name:Apple Watch, manufacturer:Apple Inc., model:Watch, hardware:Watch4,2, software:5.2.1>","SwimmingStrokeCount","count",2019-06-05 15:06:33 +0200,2019-06-05 15:04:38 +0200,2019-06-05 15:05:27 +0200,23
"Pedro’s Apple Watch","5.2.1","<<HKDevice: 0x283d8e260>, name:Apple Watch, manufacturer:Apple Inc., model:Watch, hardware:Watch4,2, software:5.2.1>","SwimmingStrokeCount","count",2019-06-05 15:07:37 +0200,2019-06-05 15:05:37 +0200,2019-06-05 15:06:26 +0200,23
"Pedro’s Apple Watch","5.2.1","<<HKDevice: 0x283d8e580>, name:Apple Watch, manufacturer:Apple Inc., model:Watch, hardware:Watch4,2, software:5.2.1>","SwimmingStrokeCount","count",2019-06-05 15:08:36 +0200,2019-06-05 15:06:30 +0200,2019-06-05 15:07:28 +0200,26
"Pedro’s Apple Watch","5.2.1","<<HKDevice: 0x283d8e300>, name:Apple Watch, manufacturer:Apple Inc., model:Watch, hardware:Watch4,2, software:5.2.1>","SwimmingStrokeCount","count",2019-06-05 15:09:48 +0200,2019-06-05 15:07:34 +0200,2019-06-05 15:08:25 +0200,24
"Pedro’s Apple Watch","5.2.1","<<HKDevice: 0x283d8ecb0>, name:Apple Watch, manufacturer:Apple Inc., model:Watch, hardware:Watch4,2, software:5.2.1>","SwimmingStrokeCount","count",2019-06-05 15:10:37 +0200,2019-06-05 15:08:55 +0200,2019-06-05 15:09:42 +0200,25
"Pedro’s Apple Watch","5.2.1","<<HKDevice: 0x283d8ec60>, name:Apple Watch, manufacturer:Apple Inc., model:Watch, hardware:Watch4,2, software:5.2.1>","SwimmingStrokeCount","count",2019-06-05 15:11:36 +0200,2019-06-05 15:09:43 +0200,2019-06-05 15:10:33 +0200,24
"Pedro’s Apple Watch","5.2.1","<<HKDevice: 0x283d8f2a0>, name:Apple Watch, manufacturer:Apple Inc., model:Watch, hardware:Watch4,2, software:5.2.1>","SwimmingStrokeCount","count",2019-06-05 15:12:37 +0200,2019-06-05 15:10:36 +0200,2019-06-05 15:11:29 +0200,25
"Pedro’s Apple Watch","5.2.1","<<HKDevice: 0x283d8eb70>, name:Apple Watch, manufacturer:Apple Inc., model:Watch, hardware:Watch4,2, software:5.2.1>","SwimmingStrokeCount","count",2019-06-05 15:13:42 +0200,2019-06-05 15:11:39 +0200,2019-06-05 15:12:31 +0200,25
"Pedro’s Apple Watch","5.2.1","<<HKDevice: 0x283d8e3f0>, name:Apple Watch, manufacturer:Apple Inc., model:Watch, hardware:Watch4,2, software:5.2.1>","SwimmingStrokeCount","count",2019-06-05 15:16:08 +0200,2019-06-05 15:12:36 +0200,2019-06-05 15:13:28 +0200,25
"Pedro’s Apple Watch","5.2.1","<<HKDevice: 0x283d8ea30>, name:Apple Watch, manufacturer:Apple Inc., model:Watch, hardware:Watch4,2, software:5.2.1>","SwimmingStrokeCount","count",2019-06-05 15:17:07 +0200,2019-06-05 15:15:11 +0200,2019-06-05 15:16:03 +0200,26
"Pedro’s Apple Watch","5.2.1","<<HKDevice: 0x283d8de50>, name:Apple Watch, manufacturer:Apple Inc., model:Watch, hardware:Watch4,2, software:5.2.1>","SwimmingStrokeCount","count",2019-06-05 15:18:11 +0200,2019-06-05 15:16:03 +0200,2019-06-05 15:17:00 +0200,27
"Pedro’s Apple Watch","5.2.1","<<HKDevice: 0x283d8d4a0>, name:Apple Watch, manufacturer:Apple Inc., model:Watch, hardware:Watch4,2, software:5.2.1>","SwimmingStrokeCount","count",2019-06-05 15:19:13 +0200,2019-06-05 15:17:11 +0200,2019-06-05 15:18:03 +0200,26
"Pedro’s Apple Watch","5.2.1","<<HKDevice: 0x283d8e9e0>, name:Apple Watch, manufacturer:Apple Inc., model:Watch, hardware:Watch4,2, software:5.2.1>","SwimmingStrokeCount","count",2019-06-05 15:20:07 +0200,2019-06-05 15:18:07 +0200,2019-06-05 15:19:01 +0200,27
"Pedro’s Apple Watch","5.2.1","<<HKDevice: 0x283d8e7b0>, name:Apple Watch, manufacturer:Apple Inc., model:Watch, hardware:Watch4,2, software:5.2.1>","SwimmingStrokeCount","count",2019-06-05 15:21:08 +0200,2019-06-05 15:19:08 +0200,2019-06-05 15:20:02 +0200,26
"Pedro’s Apple Watch","5.2.1","<<HKDevice: 0x283d8e940>, name:Apple Watch, manufacturer:Apple Inc., model:Watch, hardware:Watch4,2, software:5.2.1>","SwimmingStrokeCount","count",2019-06-05 15:22:10 +0200,2019-06-05 15:20:11 +0200,2019-06-05 15:21:04 +0200,28
"Pedro’s Apple Watch","5.2.1","<<HKDevice: 0x283d8ea80>, name:Apple Watch, manufacturer:Apple Inc., model:Watch, hardware:Watch4,2, software:5.2.1>","SwimmingStrokeCount","count",2019-06-05 15:23:12 +0200,2019-06-05 15:21:11 +0200,2019-06-05 15:22:04 +0200,26
"Pedro’s Apple Watch","5.2.1","<<HKDevice: 0x283d8e710>, name:Apple Watch, manufacturer:Apple Inc., model:Watch, hardware:Watch4,2, software:5.2.1>","SwimmingStrokeCount","count",2019-06-05 15:26:11 +0200,2019-06-05 15:22:12 +0200,2019-06-05 15:23:06 +0200,26
"Pedro’s Apple Watch","5.2.1","<<HKDevice: 0x283d8ebc0>, name:Apple Watch, manufacturer:Apple Inc., model:Watch, hardware:Watch4,2, software:5.2.1>","SwimmingStrokeCount","count",2019-06-05 15:28:27 +0200,2019-06-05 15:25:25 +0200,2019-06-05 15:26:01 +0200,22
"Pedro’s Apple Watch","5.2.1","<<HKDevice: 0x283d8c500>, name:Apple Watch, manufacturer:Apple Inc., model:Watch, hardware:Watch4,2, software:5.2.1>","SwimmingStrokeCount","count",2019-06-05 15:31:01 +0200,2019-06-05 15:27:56 +0200,2019-06-05 15:28:19 +0200,14
"Pedro’s Apple Watch","5.2.1","<<HKDevice: 0x283d8d6d0>, name:Apple Watch, manufacturer:Apple Inc., model:Watch, hardware:Watch4,2, software:5.2.1>","SwimmingStrokeCount","count",2019-06-05 15:31:01 +0200,2019-06-05 15:29:10 +0200,2019-06-05 15:29:32 +0200,5
"Pedro’s Apple Watch","5.2.1","<<HKDevice: 0x283d8c7d0>, name:Apple Watch, manufacturer:Apple Inc., model:Watch, hardware:Watch4,2, software:5.2.1>","SwimmingStrokeCount","count",2019-06-05 18:08:49 +0200,2019-06-05 18:06:41 +0200,2019-06-05 18:07:37 +0200,27
"Pedro’s Apple Watch","5.2.1","<<HKDevice: 0x283d8f430>, name:Apple Watch, manufacturer:Apple Inc., model:Watch, hardware:Watch4,2, software:5.2.1>","SwimmingStrokeCount","count",2019-06-05 18:09:53 +0200,2019-06-05 18:07:42 +0200,2019-06-05 18:08:42 +0200,28
"Pedro’s Apple Watch","5.2.1","<<HKDevice: 0x283d8c780>, name:Apple Watch, manufacturer:Apple Inc., model:Watch, hardware:Watch4,2, software:5.2.1>","SwimmingStrokeCount","count",2019-06-05 18:11:02 +0200,2019-06-05 18:08:46 +0200,2019-06-05 18:09:48 +0200,28
"Pedro’s Apple Watch","5.2.1","<<HKDevice: 0x283d8c190>, name:Apple Watch, manufacturer:Apple Inc., model:Watch, hardware:Watch4,2, software:5.2.1>","SwimmingStrokeCount","count",2019-06-05 18:12:45 +0200,2019-06-05 18:09:55 +0200,2019-06-05 18:10:54 +0200,26
"Pedro’s Apple Watch","5.2.1","<<HKDevice: 0x283d8db30>, name:Apple Watch, manufacturer:Apple Inc., model:Watch, hardware:Watch4,2, software:5.2.1>","SwimmingStrokeCount","count",2019-06-05 18:13:47 +0200,2019-06-05 18:11:43 +0200,2019-06-05 18:12:38 +0200,25
"Pedro’s Apple Watch","5.2.1","<<HKDevice: 0x283d8c280>, name:Apple Watch, manufacturer:Apple Inc., model:Watch, hardware:Watch4,2, software:5.2.1>","SwimmingStrokeCount","count",2019-06-05 18:15:01 +0200,2019-06-05 18:12:42 +0200,2019-06-05 18:13:40 +0200,27
"Pedro’s Apple Watch","5.2.1","<<HKDevice: 0x283d8fa70>, name:Apple Watch, manufacturer:Apple Inc., model:Watch, hardware:Watch4,2, software:5.2.1>","SwimmingStrokeCount","count",2019-06-05 18:16:05 +0200,2019-06-05 18:13:55 +0200,2019-06-05 18:14:52 +0200,30
"Pedro’s Apple Watch","5.2.1","<<HKDevice: 0x283d8fb60>, name:Apple Watch, manufacturer:Apple Inc., model:Watch, hardware:Watch4,2, software:5.2.1>","SwimmingStrokeCount","count",2019-06-05 18:17:07 +0200,2019-06-05 18:15:00 +0200,2019-06-05 18:15:57 +0200,27
"Pedro’s Apple Watch","5.2.1","<<HKDevice: 0x283d8dae0>, name:Apple Watch, manufacturer:Apple Inc., model:Watch, hardware:Watch4,2, software:5.2.1>","SwimmingStrokeCount","count",2019-06-05 18:18:11 +0200,2019-06-05 18:16:01 +0200,2019-06-05 18:17:00 +0200,27
"Pedro’s Apple Watch","5.2.1","<<HKDevice: 0x283d8da40>, name:Apple Watch, manufacturer:Apple Inc., model:Watch, hardware:Watch4,2, software:5.2.1>","SwimmingStrokeCount","count",2019-06-05 18:18:47 +0200,2019-06-05 18:17:05 +0200,2019-06-05 18:18:02 +0200,27
"Pedro’s Apple Watch","5.2.1","<<HKDevice: 0x283d8d8b0>, name:Apple Watch, manufacturer:Apple Inc., model:Watch, hardware:Watch4,2, software:5.2.1>","SwimmingStrokeCount","count",2019-06-05 18:19:03 +0200,2019-06-05 18:18:20 +0200,2019-06-05 18:18:38 +0200,6
"Pedro’s Apple Watch","5.2.1","<<HKDevice: 0x283d8d310>, name:Apple Watch, manufacturer:Apple Inc., model:Watch, hardware:Watch4,2, software:5.2.1>","SwimmingStrokeCount","count",2019-06-05 18:19:59 +0200,2019-06-05 18:18:38 +0200,2019-06-05 18:18:43 +0200,3
"Pedro’s Apple Watch","5.2.1","<<HKDevice: 0x283d8d630>, name:Apple Watch, manufacturer:Apple Inc., model:Watch, hardware:Watch4,2, software:5.2.1>","SwimmingStrokeCount","count",2019-06-05 18:23:42 +0200,2019-06-05 18:18:45 +0200,2019-06-05 18:22:39 +0200,37
"Pedro’s Apple Watch","5.2.1","<<HKDevice: 0x283d8d180>, name:Apple Watch, manufacturer:Apple Inc., model:Watch, hardware:Watch4,2, software:5.2.1>","SwimmingStrokeCount","count",2019-06-05 18:24:44 +0200,2019-06-05 18:22:41 +0200,2019-06-05 18:23:37 +0200,26
"Pedro’s Apple Watch","5.2.1","<<HKDevice: 0x283d8d680>, name:Apple Watch, manufacturer:Apple Inc., model:Watch, hardware:Watch4,2, software:5.2.1>","SwimmingStrokeCount","count",2019-06-05 18:25:43 +0200,2019-06-05 18:23:39 +0200,2019-06-05 18:24:37 +0200,28
"Pedro’s Apple Watch","5.2.1","<<HKDevice: 0x283d8d7c0>, name:Apple Watch, manufacturer:Apple Inc., model:Watch, hardware:Watch4,2, software:5.2.1>","SwimmingStrokeCount","count",2019-06-05 18:26:42 +0200,2019-06-05 18:24:37 +0200,2019-06-05 18:25:38 +0200,29
"Pedro’s Apple Watch","5.2.1","<<HKDevice: 0x283d8d2c0>, name:Apple Watch, manufacturer:Apple Inc., model:Watch, hardware:Watch4,2, software:5.2.1>","SwimmingStrokeCount","count",2019-06-05 18:27:46 +0200,2019-06-05 18:25:40 +0200,2019-06-05 18:26:33 +0200,25
"Pedro’s Apple Watch","5.2.1","<<HKDevice: 0x283d8d220>, name:Apple Watch, manufacturer:Apple Inc., model:Watch, hardware:Watch4,2, software:5.2.1>","SwimmingStrokeCount","count",2019-06-05 18:29:29 +0200,2019-06-05 18:26:37 +0200,2019-06-05 18:27:36 +0200,29
"Pedro’s Apple Watch","5.2.1","<<HKDevice: 0x283d8d810>, name:Apple Watch, manufacturer:Apple Inc., model:Watch, hardware:Watch4,2, software:5.2.1>","SwimmingStrokeCount","count",2019-06-05 18:30:28 +0200,2019-06-05 18:28:34 +0200,2019-06-05 18:29:23 +0200,24
"Pedro’s Apple Watch","5.2.1","<<HKDevice: 0x283d8d090>, name:Apple Watch, manufacturer:Apple Inc., model:Watch, hardware:Watch4,2, software:5.2.1>","SwimmingStrokeCount","count",2019-06-05 18:32:00 +0200,2019-06-05 18:29:25 +0200,2019-06-05 18:30:23 +0200,28
"Pedro’s Apple Watch","5.2.1","<<HKDevice: 0x283d8cf50>, name:Apple Watch, manufacturer:Apple Inc., model:Watch, hardware:Watch4,2, software:5.2.1>","SwimmingStrokeCount","count",2019-06-05 18:47:03 +0200,2019-06-05 18:31:05 +0200,2019-06-05 18:31:24 +0200,13
"Pedro’s Apple Watch","5.2.1","<<HKDevice: 0x283d8c690>, name:Apple Watch, manufacturer:Apple Inc., model:Watch, hardware:Watch4,2, software:5.2.1>","SwimmingStrokeCount","count",2019-06-05 18:47:03 +0200,2019-06-05 18:37:18 +0200,2019-06-05 18:41:00 +0200,14
"Pedro’s Apple Watch","5.2.1","<<HKDevice: 0x283d8c5f0>, name:Apple Watch, manufacturer:Apple Inc., model:Watch, hardware:Watch4,2, software:5.2.1>","SwimmingStrokeCount","count",2019-06-10 12:42:21 +0200,2019-06-10 12:39:54 +0200,2019-06-10 12:40:49 +0200,30
"Pedro’s Apple Watch","5.2.1","<<HKDevice: 0x283d8caf0>, name:Apple Watch, manufacturer:Apple Inc., model:Watch, hardware:Watch4,2, software:5.2.1>","SwimmingStrokeCount","count",2019-06-10 12:43:30 +0200,2019-06-10 12:41:12 +0200,2019-06-10 12:42:07 +0200,28
"Pedro’s Apple Watch","5.2.1","<<HKDevice: 0x283d8c9b0>, name:Apple Watch, manufacturer:Apple Inc., model:Watch, hardware:Watch4,2, software:5.2.1>","SwimmingStrokeCount","count",2019-06-10 12:44:24 +0200,2019-06-10 12:42:32 +0200,2019-06-10 12:43:25 +0200,27
"Pedro’s Apple Watch","5.2.1","<<HKDevice: 0x283d8caa0>, name:Apple Watch, manufacturer:Apple Inc., model:Watch, hardware:Watch4,2, software:5.2.1>","SwimmingStrokeCount","count",2019-06-10 12:45:21 +0200,2019-06-10 12:43:26 +0200,2019-06-10 12:44:19 +0200,27
"Pedro’s Apple Watch","5.2.1","<<HKDevice: 0x283d8cbe0>, name:Apple Watch, manufacturer:Apple Inc., model:Watch, hardware:Watch4,2, software:5.2.1>","SwimmingStrokeCount","count",2019-06-10 12:46:20 +0200,2019-06-10 12:44:20 +0200,2019-06-10 12:45:15 +0200,26
"Pedro’s Apple Watch","5.2.1","<<HKDevice: 0x283d8c4b0>, name:Apple Watch, manufacturer:Apple Inc., model:Watch, hardware:Watch4,2, software:5.2.1>","SwimmingStrokeCount","count",2019-06-10 12:47:11 +0200,2019-06-10 12:45:18 +0200,2019-06-10 12:46:12 +0200,26
"Pedro’s Apple Watch","5.2.1","<<HKDevice: 0x283d8d130>, name:Apple Watch, manufacturer:Apple Inc., model:Watch, hardware:Watch4,2, software:5.2.1>","SwimmingStrokeCount","count",2019-06-10 12:48:10 +0200,2019-06-10 12:46:15 +0200,2019-06-10 12:47:07 +0200,26
"Pedro’s Apple Watch","5.2.1","<<HKDevice: 0x283d8c460>, name:Apple Watch, manufacturer:Apple Inc., model:Watch, hardware:Watch4,2, software:5.2.1>","SwimmingStrokeCount","count",2019-06-10 12:49:07 +0200,2019-06-10 12:47:07 +0200,2019-06-10 12:48:04 +0200,27
"Pedro’s Apple Watch","5.2.1","<<HKDevice: 0x283d8c3c0>, name:Apple Watch, manufacturer:Apple Inc., model:Watch, hardware:Watch4,2, software:5.2.1>","SwimmingStrokeCount","count",2019-06-10 12:52:50 +0200,2019-06-10 12:48:06 +0200,2019-06-10 12:48:59 +0200,26
"Pedro’s Apple Watch","5.2.1","<<HKDevice: 0x283d8c870>, name:Apple Watch, manufacturer:Apple Inc., model:Watch, hardware:Watch4,2, software:5.2.1>","SwimmingStrokeCount","count",2019-06-10 12:53:52 +0200,2019-06-10 12:51:43 +0200,2019-06-10 12:52:34 +0200,27
"Pedro’s Apple Watch","5.2.1","<<HKDevice: 0x283d8c2d0>, name:Apple Watch, manufacturer:Apple Inc., model:Watch, hardware:Watch4,2, software:5.2.1>","SwimmingStrokeCount","count",2019-06-10 12:55:01 +0200,2019-06-10 12:52:46 +0200,2019-06-10 12:53:41 +0200,27
"Pedro’s Apple Watch","5.2.1","<<HKDevice: 0x283d8c550>, name:Apple Watch, manufacturer:Apple Inc., model:Watch, hardware:Watch4,2, software:5.2.1>","SwimmingStrokeCount","count",2019-06-10 12:55:57 +0200,2019-06-10 12:54:04 +0200,2019-06-10 12:54:57 +0200,26
"Pedro’s Apple Watch","5.2.1","<<HKDevice: 0x283d8dbd0>, name:Apple Watch, manufacturer:Apple Inc., model:Watch, hardware:Watch4,2, software:5.2.1>","SwimmingStrokeCount","count",2019-06-10 12:56:51 +0200,2019-06-10 12:54:57 +0200,2019-06-10 12:55:50 +0200,27
"Pedro’s Apple Watch","5.2.1","<<HKDevice: 0x283d8c320>, name:Apple Watch, manufacturer:Apple Inc., model:Watch, hardware:Watch4,2, software:5.2.1>","SwimmingStrokeCount","count",2019-06-10 12:57:48 +0200,2019-06-10 12:55:51 +0200,2019-06-10 12:56:46 +0200,28
"Pedro’s Apple Watch","5.2.1","<<HKDevice: 0x283d8c6e0>, name:Apple Watch, manufacturer:Apple Inc., model:Watch, hardware:Watch4,2, software:5.2.1>","SwimmingStrokeCount","count",2019-06-10 12:58:47 +0200,2019-06-10 12:56:49 +0200,2019-06-10 12:57:42 +0200,27
"Pedro’s Apple Watch","5.2.1","<<HKDevice: 0x283d8df40>, name:Apple Watch, manufacturer:Apple Inc., model:Watch, hardware:Watch4,2, software:5.2.1>","SwimmingStrokeCount","count",2019-06-10 12:59:41 +0200,2019-06-10 12:57:45 +0200,2019-06-10 12:58:41 +0200,29
"Pedro’s Apple Watch","5.2.1","<<HKDevice: 0x283d8cd20>, name:Apple Watch, manufacturer:Apple Inc., model:Watch, hardware:Watch4,2, software:5.2.1>","SwimmingStrokeCount","count",2019-06-10 13:00:40 +0200,2019-06-10 12:58:42 +0200,2019-06-10 12:59:35 +0200,27
"Pedro’s Apple Watch","5.2.1","<<HKDevice: 0x283d8d270>, name:Apple Watch, manufacturer:Apple Inc., model:Watch, hardware:Watch4,2, software:5.2.1>","SwimmingStrokeCount","count",2019-06-10 13:02:07 +0200,2019-06-10 12:59:39 +0200,2019-06-10 13:00:31 +0200,26
"Pedro’s Apple Watch","5.2.1","<<HKDevice: 0x283d8f9d0>, name:Apple Watch, manufacturer:Apple Inc., model:Watch, hardware:Watch4,2, software:5.2.1>","SwimmingStrokeCount","count",2019-06-10 13:03:01 +0200,2019-06-10 13:01:08 +0200,2019-06-10 13:02:00 +0200,26
"Pedro’s Apple Watch","5.2.1","<<HKDevice: 0x283d8fbb0>, name:Apple Watch, manufacturer:Apple Inc., model:Watch, hardware:Watch4,2, software:5.2.1>","SwimmingStrokeCount","count",2019-06-10 13:03:58 +0200,2019-06-10 13:02:06 +0200,2019-06-10 13:02:56 +0200,24
"Pedro’s Apple Watch","5.2.1","<<HKDevice: 0x283d8d3b0>, name:Apple Watch, manufacturer:Apple Inc., model:Watch, hardware:Watch4,2, software:5.2.1>","SwimmingStrokeCount","count",2019-06-10 13:04:54 +0200,2019-06-10 13:02:59 +0200,2019-06-10 13:03:50 +0200,25
"Pedro’s Apple Watch","5.2.1","<<HKDevice: 0x283d8fc00>, name:Apple Watch, manufacturer:Apple Inc., model:Watch, hardware:Watch4,2, software:5.2.1>","SwimmingStrokeCount","count",2019-06-10 13:06:01 +0200,2019-06-10 13:03:54 +0200,2019-06-10 13:04:46 +0200,26
"Pedro’s Apple Watch","5.2.1","<<HKDevice: 0x283d8fa20>, name:Apple Watch, manufacturer:Apple Inc., model:Watch, hardware:Watch4,2, software:5.2.1>","SwimmingStrokeCount","count",2019-06-10 13:06:42 +0200,2019-06-10 13:04:53 +0200,2019-06-10 13:05:43 +0200,25
"Pedro’s Apple Watch","5.2.1","<<HKDevice: 0x283d8f980>, name:Apple Watch, manufacturer:Apple Inc., model:Watch, hardware:Watch4,2, software:5.2.1>","SwimmingStrokeCount","count",2019-06-10 13:07:03 +0200,2019-06-10 13:06:00 +0200,2019-06-10 13:06:20 +0200,6
"Pedro’s Apple Watch","5.2.1","<<HKDevice: 0x283d8f8e0>, name:Apple Watch, manufacturer:Apple Inc., model:Watch, hardware:Watch4,2, software:5.2.1>","SwimmingStrokeCount","count",2019-06-17 17:57:26 +0200,2019-06-17 17:55:40 +0200,2019-06-17 17:56:27 +0200,25
"Pedro’s Apple Watch","5.2.1","<<HKDevice: 0x283d8fd90>, name:Apple Watch, manufacturer:Apple Inc., model:Watch, hardware:Watch4,2, software:5.2.1>","SwimmingStrokeCount","count",2019-06-17 17:58:30 +0200,2019-06-17 17:56:28 +0200,2019-06-17 17:57:21 +0200,26
"Pedro’s Apple Watch","5.2.1","<<HKDevice: 0x283d8ff20>, name:Apple Watch, manufacturer:Apple Inc., model:Watch, hardware:Watch4,2, software:5.2.1>","SwimmingStrokeCount","count",2019-06-17 17:59:27 +0200,2019-06-17 17:57:36 +0200,2019-06-17 17:58:24 +0200,26
"Pedro’s Apple Watch","5.2.1","<<HKDevice: 0x283d8f840>, name:Apple Watch, manufacturer:Apple Inc., model:Watch, hardware:Watch4,2, software:5.2.1>","SwimmingStrokeCount","count",2019-06-17 18:00:21 +0200,2019-06-17 17:58:29 +0200,2019-06-17 17:59:22 +0200,26
"Pedro’s Apple Watch","5.2.1","<<HKDevice: 0x283d8f7a0>, name:Apple Watch, manufacturer:Apple Inc., model:Watch, hardware:Watch4,2, software:5.2.1>","SwimmingStrokeCount","count",2019-06-17 18:01:20 +0200,2019-06-17 17:59:25 +0200,2019-06-17 18:00:15 +0200,25
"Pedro’s Apple Watch","5.2.1","<<HKDevice: 0x283d8f570>, name:Apple Watch, manufacturer:Apple Inc., model:Watch, hardware:Watch4,2, software:5.2.1>","SwimmingStrokeCount","count",2019-06-17 18:02:19 +0200,2019-06-17 18:00:17 +0200,2019-06-17 18:01:14 +0200,28
"Pedro’s Apple Watch","5.2.1","<<HKDevice: 0x283d8f070>, name:Apple Watch, manufacturer:Apple Inc., model:Watch, hardware:Watch4,2, software:5.2.1>","SwimmingStrokeCount","count",2019-06-17 18:03:26 +0200,2019-06-17 18:01:14 +0200,2019-06-17 18:02:11 +0200,28
"Pedro’s Apple Watch","5.2.1","<<HKDevice: 0x283d8ee40>, name:Apple Watch, manufacturer:Apple Inc., model:Watch, hardware:Watch4,2, software:5.2.1>","SwimmingStrokeCount","count",2019-06-17 18:04:43 +0200,2019-06-17 18:02:30 +0200,2019-06-17 18:03:20 +0200,25
"Pedro’s Apple Watch","5.2.1","<<HKDevice: 0x283d8f390>, name:Apple Watch, manufacturer:Apple Inc., model:Watch, hardware:Watch4,2, software:5.2.1>","SwimmingStrokeCount","count",2019-06-17 18:06:43 +0200,2019-06-17 18:03:22 +0200,2019-06-17 18:04:27 +0200,31
"Pedro’s Apple Watch","5.2.1","<<HKDevice: 0x283d8f2f0>, name:Apple Watch, manufacturer:Apple Inc., model:Watch, hardware:Watch4,2, software:5.2.1>","SwimmingStrokeCount","count",2019-06-17 18:07:40 +0200,2019-06-17 18:05:47 +0200,2019-06-17 18:06:39 +0200,25
"Pedro’s Apple Watch","5.2.1","<<HKDevice: 0x283d8f700>, name:Apple Watch, manufacturer:Apple Inc., model:Watch, hardware:Watch4,2, software:5.2.1>","SwimmingStrokeCount","count",2019-06-17 18:08:34 +0200,2019-06-17 18:06:39 +0200,2019-06-17 18:07:29 +0200,25
"Pedro’s Apple Watch","5.2.1","<<HKDevice: 0x283d8f660>, name:Apple Watch, manufacturer:Apple Inc., model:Watch, hardware:Watch4,2, software:5.2.1>","SwimmingStrokeCount","count",2019-06-17 18:09:38 +0200,2019-06-17 18:07:34 +0200,2019-06-17 18:08:29 +0200,26
"Pedro’s Apple Watch","5.2.1","<<HKDevice: 0x283d8eee0>, name:Apple Watch, manufacturer:Apple Inc., model:Watch, hardware:Watch4,2, software:5.2.1>","SwimmingStrokeCount","count",2019-06-17 18:10:57 +0200,2019-06-17 18:08:29 +0200,2019-06-17 18:09:21 +0200,26
"Pedro’s Apple Watch","5.2.1","<<HKDevice: 0x283d8f020>, name:Apple Watch, manufacturer:Apple Inc., model:Watch, hardware:Watch4,2, software:5.2.1>","SwimmingStrokeCount","count",2019-06-17 18:11:54 +0200,2019-06-17 18:09:59 +0200,2019-06-17 18:10:53 +0200,26
"Pedro’s Apple Watch","5.2.1","<<HKDevice: 0x283d8f6b0>, name:Apple Watch, manufacturer:Apple Inc., model:Watch, hardware:Watch4,2, software:5.2.1>","SwimmingStrokeCount","count",2019-06-17 18:12:48 +0200,2019-06-17 18:10:53 +0200,2019-06-17 18:11:49 +0200,29
"Pedro’s Apple Watch","5.2.1","<<HKDevice: 0x283d8f110>, name:Apple Watch, manufacturer:Apple Inc., model:Watch, hardware:Watch4,2, software:5.2.1>","SwimmingStrokeCount","count",2019-06-17 18:13:47 +0200,2019-06-17 18:11:51 +0200,2019-06-17 18:12:42 +0200,26
"Pedro’s Apple Watch","5.2.1","<<HKDevice: 0x283d80050>, name:Apple Watch, manufacturer:Apple Inc., model:Watch, hardware:Watch4,2, software:5.2.1>","SwimmingStrokeCount","count",2019-06-17 18:16:00 +0200,2019-06-17 18:12:47 +0200,2019-06-17 18:13:40 +0200,27
"Pedro’s Apple Watch","5.2.1","<<HKDevice: 0x283d800f0>, name:Apple Watch, manufacturer:Apple Inc., model:Watch, hardware:Watch4,2, software:5.2.1>","SwimmingStrokeCount","count",2019-06-17 18:16:57 +0200,2019-06-17 18:15:05 +0200,2019-06-17 18:15:55 +0200,26
"Pedro’s Apple Watch","5.2.1","<<HKDevice: 0x283d80190>, name:Apple Watch, manufacturer:Apple Inc., model:Watch, hardware:Watch4,2, software:5.2.1>","SwimmingStrokeCount","count",2019-06-17 18:18:16 +0200,2019-06-17 18:15:55 +0200,2019-06-17 18:16:50 +0200,27
"Pedro’s Apple Watch","5.2.1","<<HKDevice: 0x283d80230>, name:Apple Watch, manufacturer:Apple Inc., model:Watch, hardware:Watch4,2, software:5.2.1>","SwimmingStrokeCount","count",2019-06-17 18:22:18 +0200,2019-06-17 18:17:05 +0200,2019-06-17 18:17:59 +0200,27
"Pedro’s Apple Watch","5.2.1","<<HKDevice: 0x283d802d0>, name:Apple Watch, manufacturer:Apple Inc., model:Watch, hardware:Watch4,2, software:5.2.1>","SwimmingStrokeCount","count",2019-06-18 17:41:22 +0200,2019-06-18 17:39:25 +0200,2019-06-18 17:40:16 +0200,24
"Pedro’s Apple Watch","5.2.1","<<HKDevice: 0x283d80370>, name:Apple Watch, manufacturer:Apple Inc., model:Watch, hardware:Watch4,2, software:5.2.1>","SwimmingStrokeCount","count",2019-06-18 17:42:24 +0200,2019-06-18 17:40:26 +0200,2019-06-18 17:41:15 +0200,24
"Pedro’s Apple Watch","5.2.1","<<HKDevice: 0x283d80410>, name:Apple Watch, manufacturer:Apple Inc., model:Watch, hardware:Watch4,2, software:5.2.1>","SwimmingStrokeCount","count",2019-06-18 17:43:25 +0200,2019-06-18 17:41:18 +0200,2019-06-18 17:42:18 +0200,29
"Pedro’s Apple Watch","5.2.1","<<HKDevice: 0x283d804b0>, name:Apple Watch, manufacturer:Apple Inc., model:Watch, hardware:Watch4,2, software:5.2.1>","SwimmingStrokeCount","count",2019-06-18 17:44:24 +0200,2019-06-18 17:42:22 +0200,2019-06-18 17:43:19 +0200,27
"Pedro’s Apple Watch","5.2.1","<<HKDevice: 0x283d80550>, name:Apple Watch, manufacturer:Apple Inc., model:Watch, hardware:Watch4,2, software:5.2.1>","SwimmingStrokeCount","count",2019-06-18 17:45:26 +0200,2019-06-18 17:43:20 +0200,2019-06-18 17:44:18 +0200,27
"Pedro’s Apple Watch","5.2.1","<<HKDevice: 0x283d805f0>, name:Apple Watch, manufacturer:Apple Inc., model:Watch, hardware:Watch4,2, software:5.2.1>","SwimmingStrokeCount","count",2019-06-18 17:46:28 +0200,2019-06-18 17:44:24 +0200,2019-06-18 17:45:22 +0200,27
"Pedro’s Apple Watch","5.2.1","<<HKDevice: 0x283d80690>, name:Apple Watch, manufacturer:Apple Inc., model:Watch, hardware:Watch4,2, software:5.2.1>","SwimmingStrokeCount","count",2019-06-18 17:47:32 +0200,2019-06-18 17:45:25 +0200,2019-06-18 17:46:21 +0200,26
"Pedro’s Apple Watch","5.2.1","<<HKDevice: 0x283d80730>, name:Apple Watch, manufacturer:Apple Inc., model:Watch, hardware:Watch4,2, software:5.2.1>","SwimmingStrokeCount","count",2019-06-18 17:48:41 +0200,2019-06-18 17:46:26 +0200,2019-06-18 17:47:26 +0200,28
"Pedro’s Apple Watch","5.2.1","<<HKDevice: 0x283d807d0>, name:Apple Watch, manufacturer:Apple Inc., model:Watch, hardware:Watch4,2, software:5.2.1>","SwimmingStrokeCount","count",2019-06-18 17:49:40 +0200,2019-06-18 17:47:28 +0200,2019-06-18 17:48:31 +0200,28
"Pedro’s Apple Watch","5.2.1","<<HKDevice: 0x283d80870>, name:Apple Watch, manufacturer:Apple Inc., model:Watch, hardware:Watch4,2, software:5.2.1>","SwimmingStrokeCount","count",2019-06-18 17:50:47 +0200,2019-06-18 17:48:40 +0200,2019-06-18 17:49:36 +0200,27
"Pedro’s Apple Watch","5.2.1","<<HKDevice: 0x283d80910>, name:Apple Watch, manufacturer:Apple Inc., model:Watch, hardware:Watch4,2, software:5.2.1>","SwimmingStrokeCount","count",2019-06-18 17:51:54 +0200,2019-06-18 17:49:38 +0200,2019-06-18 17:50:37 +0200,27
"Pedro’s Apple Watch","5.2.1","<<HKDevice: 0x283d809b0>, name:Apple Watch, manufacturer:Apple Inc., model:Watch, hardware:Watch4,2, software:5.2.1>","SwimmingStrokeCount","count",2019-06-18 17:52:53 +0200,2019-06-18 17:50:52 +0200,2019-06-18 17:51:46 +0200,25
"Pedro’s Apple Watch","5.2.1","<<HKDevice: 0x283d80a50>, name:Apple Watch, manufacturer:Apple Inc., model:Watch, hardware:Watch4,2, software:5.2.1>","SwimmingStrokeCount","count",2019-06-18 17:53:54 +0200,2019-06-18 17:51:48 +0200,2019-06-18 17:52:49 +0200,28
"Pedro’s Apple Watch","5.2.1","<<HKDevice: 0x283d80af0>, name:Apple Watch, manufacturer:Apple Inc., model:Watch, hardware:Watch4,2, software:5.2.1>","SwimmingStrokeCount","count",2019-06-18 17:55:32 +0200,2019-06-18 17:52:51 +0200,2019-06-18 17:53:47 +0200,27
"Pedro’s Apple Watch","5.2.1","<<HKDevice: 0x283d80b90>, name:Apple Watch, manufacturer:Apple Inc., model:Watch, hardware:Watch4,2, software:5.2.1>","SwimmingStrokeCount","count",2019-06-18 17:56:39 +0200,2019-06-18 17:54:34 +0200,2019-06-18 17:55:27 +0200,25
"Pedro’s Apple Watch","5.2.1","<<HKDevice: 0x283d80c30>, name:Apple Watch, manufacturer:Apple Inc., model:Watch, hardware:Watch4,2, software:5.2.1>","SwimmingStrokeCount","count",2019-06-18 17:57:38 +0200,2019-06-18 17:55:31 +0200,2019-06-18 17:56:35 +0200,28
"Pedro’s Apple Watch","5.2.1","<<HKDevice: 0x283d80cd0>, name:Apple Watch, manufacturer:Apple Inc., model:Watch, hardware:Watch4,2, software:5.2.1>","SwimmingStrokeCount","count",2019-06-18 17:58:44 +0200,2019-06-18 17:56:37 +0200,2019-06-18 17:57:30 +0200,25
"Pedro’s Apple Watch","5.2.1","<<HKDevice: 0x283d80d70>, name:Apple Watch, manufacturer:Apple Inc., model:Watch, hardware:Watch4,2, software:5.2.1>","SwimmingStrokeCount","count",2019-06-18 18:02:28 +0200,2019-06-18 17:57:34 +0200,2019-06-18 17:58:35 +0200,29
"Pedro’s Apple Watch","5.2.1","<<HKDevice: 0x283d80e10>, name:Apple Watch, manufacturer:Apple Inc., model:Watch, hardware:Watch4,2, software:5.2.1>","SwimmingStrokeCount","count",2019-06-18 18:05:12 +0200,2019-06-18 18:01:02 +0200,2019-06-18 18:01:49 +0200,31
"Pedro’s Apple Watch","5.2.1","<<HKDevice: 0x283d80eb0>, name:Apple Watch, manufacturer:Apple Inc., model:Watch, hardware:Watch4,2, software:5.2.1>","SwimmingStrokeCount","count",2019-06-25 17:37:07 +0200,2019-06-25 17:35:17 +0200,2019-06-25 17:36:09 +0200,26
"Pedro’s Apple Watch","5.2.1","<<HKDevice: 0x283d80f50>, name:Apple Watch, manufacturer:Apple Inc., model:Watch, hardware:Watch4,2, software:5.2.1>","SwimmingStrokeCount","count",2019-06-25 17:38:14 +0200,2019-06-25 17:36:09 +0200,2019-06-25 17:37:01 +0200,25
"Pedro’s Apple Watch","5.2.1","<<HKDevice: 0x283d80ff0>, name:Apple Watch, manufacturer:Apple Inc., model:Watch, hardware:Watch4,2, software:5.2.1>","SwimmingStrokeCount","count",2019-06-25 17:39:18 +0200,2019-06-25 17:37:04 +0200,2019-06-25 17:38:08 +0200,30
"Pedro’s Apple Watch","5.2.1","<<HKDevice: 0x283d81090>, name:Apple Watch, manufacturer:Apple Inc., model:Watch, hardware:Watch4,2, software:5.2.1>","SwimmingStrokeCount","count",2019-06-25 17:40:25 +0200,2019-06-25 17:38:14 +0200,2019-06-25 17:39:13 +0200,27
"Pedro’s Apple Watch","5.2.1","<<HKDevice: 0x283d81130>, name:Apple Watch, manufacturer:Apple Inc., model:Watch, hardware:Watch4,2, software:5.2.1>","SwimmingStrokeCount","count",2019-06-25 17:41:42 +0200,2019-06-25 17:39:17 +0200,2019-06-25 17:40:17 +0200,29
"Pedro’s Apple Watch","5.2.1","<<HKDevice: 0x283d811d0>, name:Apple Watch, manufacturer:Apple Inc., model:Watch, hardware:Watch4,2, software:5.2.1>","SwimmingStrokeCount","count",2019-06-25 17:42:46 +0200,2019-06-25 17:40:33 +0200,2019-06-25 17:41:34 +0200,28
"Pedro’s Apple Watch","5.2.1","<<HKDevice: 0x283d81270>, name:Apple Watch, manufacturer:Apple Inc., model:Watch, hardware:Watch4,2, software:5.2.1>","SwimmingStrokeCount","count",2019-06-25 17:43:53 +0200,2019-06-25 17:41:39 +0200,2019-06-25 17:42:41 +0200,29
"Pedro’s Apple Watch","5.2.1","<<HKDevice: 0x283d81310>, name:Apple Watch, manufacturer:Apple Inc., model:Watch, hardware:Watch4,2, software:5.2.1>","SwimmingStrokeCount","count",2019-06-25 17:45:12 +0200,2019-06-25 17:42:44 +0200,2019-06-25 17:43:47 +0200,29
"Pedro’s Apple Watch","5.2.1","<<HKDevice: 0x283d813b0>, name:Apple Watch, manufacturer:Apple Inc., model:Watch, hardware:Watch4,2, software:5.2.1>","SwimmingStrokeCount","count",2019-06-25 17:46:37 +0200,2019-06-25 17:43:54 +0200,2019-06-25 17:45:08 +0200,36
"Pedro’s Apple Watch","5.2.1","<<HKDevice: 0x283d81450>, name:Apple Watch, manufacturer:Apple Inc., model:Watch, hardware:Watch4,2, software:5.2.1>","SwimmingStrokeCount","count",2019-06-25 17:47:41 +0200,2019-06-25 17:45:34 +0200,2019-06-25 17:46:33 +0200,27
"Pedro’s Apple Watch","5.2.1","<<HKDevice: 0x283d814f0>, name:Apple Watch, manufacturer:Apple Inc., model:Watch, hardware:Watch4,2, software:5.2.1>","SwimmingStrokeCount","count",2019-06-25 17:48:43 +0200,2019-06-25 17:46:33 +0200,2019-06-25 17:47:35 +0200,28
"Pedro’s Apple Watch","5.2.1","<<HKDevice: 0x283d81590>, name:Apple Watch, manufacturer:Apple Inc., model:Watch, hardware:Watch4,2, software:5.2.1>","SwimmingStrokeCount","count",2019-06-25 17:50:00 +0200,2019-06-25 17:47:39 +0200,2019-06-25 17:48:37 +0200,29
"Pedro’s Apple Watch","5.2.1","<<HKDevice: 0x283d81630>, name:Apple Watch, manufacturer:Apple Inc., model:Watch, hardware:Watch4,2, software:5.2.1>","SwimmingStrokeCount","count",2019-06-25 17:51:22 +0200,2019-06-25 17:48:42 +0200,2019-06-25 17:49:41 +0200,28
"Pedro’s Apple Watch","5.2.1","<<HKDevice: 0x283d816d0>, name:Apple Watch, manufacturer:Apple Inc., model:Watch, hardware:Watch4,2, software:5.2.1>","SwimmingStrokeCount","count",2019-06-25 17:54:30 +0200,2019-06-25 17:50:13 +0200,2019-06-25 17:51:16 +0200,29
"Pedro’s Apple Watch","5.2.1","<<HKDevice: 0x283d81770>, name:Apple Watch, manufacturer:Apple Inc., model:Watch, hardware:Watch4,2, software:5.2.1>","SwimmingStrokeCount","count",2019-06-25 17:55:24 +0200,2019-06-25 17:53:31 +0200,2019-06-25 17:54:23 +0200,26
"Pedro’s Apple Watch","5.2.1","<<HKDevice: 0x283d81810>, name:Apple Watch, manufacturer:Apple Inc., model:Watch, hardware:Watch4,2, software:5.2.1>","SwimmingStrokeCount","count",2019-06-25 17:56:25 +0200,2019-06-25 17:54:24 +0200,2019-06-25 17:55:19 +0200,27
"Pedro’s Apple Watch","5.2.1","<<HKDevice: 0x283d818b0>, name:Apple Watch, manufacturer:Apple Inc., model:Watch, hardware:Watch4,2, software:5.2.1>","SwimmingStrokeCount","count",2019-06-25 17:57:19 +0200,2019-06-25 17:55:20 +0200,2019-06-25 17:56:19 +0200,29
"Pedro’s Apple Watch","5.2.1","<<HKDevice: 0x283d81950>, name:Apple Watch, manufacturer:Apple Inc., model:Watch, hardware:Watch4,2, software:5.2.1>","SwimmingStrokeCount","count",2019-06-25 17:58:16 +0200,2019-06-25 17:56:23 +0200,2019-06-25 17:57:13 +0200,24
"Pedro’s Apple Watch","5.2.1","<<HKDevice: 0x283d819f0>, name:Apple Watch, manufacturer:Apple Inc., model:Watch, hardware:Watch4,2, software:5.2.1>","SwimmingStrokeCount","count",2019-06-25 17:59:45 +0200,2019-06-25 17:57:13 +0200,2019-06-25 17:58:05 +0200,25
"Pedro’s Apple Watch","5.2.1","<<HKDevice: 0x283d81a90>, name:Apple Watch, manufacturer:Apple Inc., model:Watch, hardware:Watch4,2, software:5.2.1>","SwimmingStrokeCount","count",2019-06-25 18:00:50 +0200,2019-06-25 17:58:45 +0200,2019-06-25 17:59:39 +0200,26
"Pedro’s Apple Watch","5.2.1","<<HKDevice: 0x283d81b30>, name:Apple Watch, manufacturer:Apple Inc., model:Watch, hardware:Watch4,2, software:5.2.1>","SwimmingStrokeCount","count",2019-06-25 18:07:17 +0200,2019-06-25 17:59:45 +0200,2019-06-25 18:00:43 +0200,29
"Pedro’s Apple Watch","5.2.1","<<HKDevice: 0x283d81bd0>, name:Apple Watch, manufacturer:Apple Inc., model:Watch, hardware:Watch4,2, software:5.2.1>","SwimmingStrokeCount","count",2019-06-25 18:07:59 +0200,2019-06-25 18:06:20 +0200,2019-06-25 18:07:13 +0200,27
"Pedro’s Apple Watch","5.2.1","<<HKDevice: 0x283d81c70>, name:Apple Watch, manufacturer:Apple Inc., model:Watch, hardware:Watch4,2, software:5.2.1>","SwimmingStrokeCount","count",2019-06-25 18:11:41 +0200,2019-06-25 18:07:26 +0200,2019-06-25 18:07:37 +0200,6
"Pedro’s Apple Watch","5.2.1","<<HKDevice: 0x283d81d10>, name:Apple Watch, manufacturer:Apple Inc., model:Watch, hardware:Watch4,2, software:5.2.1>","SwimmingStrokeCount","count",2019-06-26 18:09:47 +0200,2019-06-26 18:07:38 +0200,2019-06-26 18:08:33 +0200,27
"Pedro’s Apple Watch","5.2.1","<<HKDevice: 0x283d81db0>, name:Apple Watch, manufacturer:Apple Inc., model:Watch, hardware:Watch4,2, software:5.2.1>","SwimmingStrokeCount","count",2019-06-26 18:10:48 +0200,2019-06-26 18:08:39 +0200,2019-06-26 18:09:39 +0200,30
"Pedro’s Apple Watch","5.2.1","<<HKDevice: 0x283d81e50>, name:Apple Watch, manufacturer:Apple Inc., model:Watch, hardware:Watch4,2, software:5.2.1>","SwimmingStrokeCount","count",2019-06-26 18:11:53 +0200,2019-06-26 18:09:41 +0200,2019-06-26 18:10:42 +0200,29
"Pedro’s Apple Watch","5.2.1","<<HKDevice: 0x283d81ef0>, name:Apple Watch, manufacturer:Apple Inc., model:Watch, hardware:Watch4,2, software:5.2.1>","SwimmingStrokeCount","count",2019-06-26 18:13:10 +0200,2019-06-26 18:10:42 +0200,2019-06-26 18:11:45 +0200,30
"Pedro’s Apple Watch","5.2.1","<<HKDevice: 0x283d81f90>, name:Apple Watch, manufacturer:Apple Inc., model:Watch, hardware:Watch4,2, software:5.2.1>","SwimmingStrokeCount","count",2019-06-26 18:14:11 +0200,2019-06-26 18:11:51 +0200,2019-06-26 18:13:04 +0200,35
"Pedro’s Apple Watch","5.2.1","<<HKDevice: 0x283d82030>, name:Apple Watch, manufacturer:Apple Inc., model:Watch, hardware:Watch4,2, software:5.2.1>","SwimmingStrokeCount","count",2019-06-26 18:15:18 +0200,2019-06-26 18:13:05 +0200,2019-06-26 18:14:06 +0200,30
"Pedro’s Apple Watch","5.2.1","<<HKDevice: 0x283d820d0>, name:Apple Watch, manufacturer:Apple Inc., model:Watch, hardware:Watch4,2, software:5.2.1>","SwimmingStrokeCount","count",2019-06-26 18:16:20 +0200,2019-06-26 18:14:10 +0200,2019-06-26 18:15:12 +0200,29
"Pedro’s Apple Watch","5.2.1","<<HKDevice: 0x283d82170>, name:Apple Watch, manufacturer:Apple Inc., model:Watch, hardware:Watch4,2, software:5.2.1>","SwimmingStrokeCount","count",2019-06-26 18:17:26 +0200,2019-06-26 18:15:15 +0200,2019-06-26 18:16:13 +0200,28
"Pedro’s Apple Watch","5.2.1","<<HKDevice: 0x283d82210>, name:Apple Watch, manufacturer:Apple Inc., model:Watch, hardware:Watch4,2, software:5.2.1>","SwimmingStrokeCount","count",2019-06-26 18:18:28 +0200,2019-06-26 18:16:23 +0200,2019-06-26 18:17:22 +0200,29
"Pedro’s Apple Watch","5.2.1","<<HKDevice: 0x283d822b0>, name:Apple Watch, manufacturer:Apple Inc., model:Watch, hardware:Watch4,2, software:5.2.1>","SwimmingStrokeCount","count",2019-06-26 18:19:32 +0200,2019-06-26 18:17:27 +0200,2019-06-26 18:18:22 +0200,26
"Pedro’s Apple Watch","5.2.1","<<HKDevice: 0x283d82350>, name:Apple Watch, manufacturer:Apple Inc., model:Watch, hardware:Watch4,2, software:5.2.1>","SwimmingStrokeCount","count",2019-06-26 18:20:39 +0200,2019-06-26 18:18:27 +0200,2019-06-26 18:19:24 +0200,28
"Pedro’s Apple Watch","5.2.1","<<HKDevice: 0x283d823f0>, name:Apple Watch, manufacturer:Apple Inc., model:Watch, hardware:Watch4,2, software:5.2.1>","SwimmingStrokeCount","count",2019-06-26 18:21:40 +0200,2019-06-26 18:19:29 +0200,2019-06-26 18:20:27 +0200,28
"Pedro’s Apple Watch","5.2.1","<<HKDevice: 0x283d82490>, name:Apple Watch, manufacturer:Apple Inc., model:Watch, hardware:Watch4,2, software:5.2.1>","SwimmingStrokeCount","count",2019-06-26 18:22:42 +0200,2019-06-26 18:20:35 +0200,2019-06-26 18:21:33 +0200,27
"Pedro’s Apple Watch","5.2.1","<<HKDevice: 0x283d82530>, name:Apple Watch, manufacturer:Apple Inc., model:Watch, hardware:Watch4,2, software:5.2.1>","SwimmingStrokeCount","count",2019-06-26 18:23:46 +0200,2019-06-26 18:21:39 +0200,2019-06-26 18:22:37 +0200,27
"Pedro’s Apple Watch","5.2.1","<<HKDevice: 0x283d825d0>, name:Apple Watch, manufacturer:Apple Inc., model:Watch, hardware:Watch4,2, software:5.2.1>","SwimmingStrokeCount","count",2019-06-26 18:25:01 +0200,2019-06-26 18:22:42 +0200,2019-06-26 18:23:39 +0200,27
"Pedro’s Apple Watch","5.2.1","<<HKDevice: 0x283d82670>, name:Apple Watch, manufacturer:Apple Inc., model:Watch, hardware:Watch4,2, software:5.2.1>","SwimmingStrokeCount","count",2019-06-26 18:26:00 +0200,2019-06-26 18:23:59 +0200,2019-06-26 18:24:56 +0200,31
"Pedro’s Apple Watch","5.2.1","<<HKDevice: 0x283d82710>, name:Apple Watch, manufacturer:Apple Inc., model:Watch, hardware:Watch4,2, software:5.2.1>","SwimmingStrokeCount","count",2019-06-26 18:27:04 +0200,2019-06-26 18:25:00 +0200,2019-06-26 18:25:55 +0200,26
"Pedro’s Apple Watch","5.2.1","<<HKDevice: 0x283d827b0>, name:Apple Watch, manufacturer:Apple Inc., model:Watch, hardware:Watch4,2, software:5.2.1>","SwimmingStrokeCount","count",2019-06-26 18:28:11 +0200,2019-06-26 18:26:03 +0200,2019-06-26 18:26:59 +0200,28
"Pedro’s Apple Watch","5.2.1","<<HKDevice: 0x283d82850>, name:Apple Watch, manufacturer:Apple Inc., model:Watch, hardware:Watch4,2, software:5.2.1>","SwimmingStrokeCount","count",2019-06-26 18:29:07 +0200,2019-06-26 18:27:03 +0200,2019-06-26 18:28:05 +0200,30
"Pedro’s Apple Watch","5.2.1","<<HKDevice: 0x283d828f0>, name:Apple Watch, manufacturer:Apple Inc., model:Watch, hardware:Watch4,2, software:5.2.1>","SwimmingStrokeCount","count",2019-06-26 18:30:14 +0200,2019-06-26 18:28:05 +0200,2019-06-26 18:29:02 +0200,28
"Pedro’s Apple Watch","5.2.1","<<HKDevice: 0x283d82990>, name:Apple Watch, manufacturer:Apple Inc., model:Watch, hardware:Watch4,2, software:5.2.1>","SwimmingStrokeCount","count",2019-06-26 18:31:13 +0200,2019-06-26 18:29:04 +0200,2019-06-26 18:30:03 +0200,28
"Pedro’s Apple Watch","5.2.1","<<HKDevice: 0x283d82a30>, name:Apple Watch, manufacturer:Apple Inc., model:Watch, hardware:Watch4,2, software:5.2.1>","SwimmingStrokeCount","count",2019-06-26 18:33:32 +0200,2019-06-26 18:30:12 +0200,2019-06-26 18:31:09 +0200,28
"Pedro’s Apple Watch","5.2.1","<<HKDevice: 0x283d82ad0>, name:Apple Watch, manufacturer:Apple Inc., model:Watch, hardware:Watch4,2, software:5.2.1>","SwimmingStrokeCount","count",2019-06-26 18:33:58 +0200,2019-06-26 18:32:17 +0200,2019-06-26 18:33:09 +0200,28
"Pedro’s Apple Watch","5.2.1","<<HKDevice: 0x283d82b70>, name:Apple Watch, manufacturer:Apple Inc., model:Watch, hardware:Watch4,2, software:5.2.1>","SwimmingStrokeCount","count",2019-06-29 09:29:27 +0200,2019-06-29 09:27:31 +0200,2019-06-29 09:28:23 +0200,25
"Pedro’s Apple Watch","5.2.1","<<HKDevice: 0x283d82c10>, name:Apple Watch, manufacturer:Apple Inc., model:Watch, hardware:Watch4,2, software:5.2.1>","SwimmingStrokeCount","count",2019-06-29 09:30:26 +0200,2019-06-29 09:28:26 +0200,2019-06-29 09:29:21 +0200,27
"Pedro’s Apple Watch","5.2.1","<<HKDevice: 0x283d82cb0>, name:Apple Watch, manufacturer:Apple Inc., model:Watch, hardware:Watch4,2, software:5.2.1>","SwimmingStrokeCount","count",2019-06-29 09:31:22 +0200,2019-06-29 09:29:24 +0200,2019-06-29 09:30:19 +0200,27
"Pedro’s Apple Watch","5.2.1","<<HKDevice: 0x283d82d50>, name:Apple Watch, manufacturer:Apple Inc., model:Watch, hardware:Watch4,2, software:5.2.1>","SwimmingStrokeCount","count",2019-06-29 09:32:21 +0200,2019-06-29 09:30:20 +0200,2019-06-29 09:31:18 +0200,27
"Pedro’s Apple Watch","5.2.1","<<HKDevice: 0x283d82df0>, name:Apple Watch, manufacturer:Apple Inc., model:Watch, hardware:Watch4,2, software:5.2.1>","SwimmingStrokeCount","count",2019-06-29 09:33:23 +0200,2019-06-29 09:31:18 +0200,2019-06-29 09:32:15 +0200,27
"Pedro’s Apple Watch","5.2.1","<<HKDevice: 0x283d82e90>, name:Apple Watch, manufacturer:Apple Inc., model:Watch, hardware:Watch4,2, software:5.2.1>","SwimmingStrokeCount","count",2019-06-29 09:34:25 +0200,2019-06-29 09:32:20 +0200,2019-06-29 09:33:16 +0200,26
"Pedro’s Apple Watch","5.2.1","<<HKDevice: 0x283d82f30>, name:Apple Watch, manufacturer:Apple Inc., model:Watch, hardware:Watch4,2, software:5.2.1>","SwimmingStrokeCount","count",2019-06-29 09:35:26 +0200,2019-06-29 09:33:19 +0200,2019-06-29 09:34:19 +0200,27
"Pedro’s Apple Watch","5.2.1","<<HKDevice: 0x283d82fd0>, name:Apple Watch, manufacturer:Apple Inc., model:Watch, hardware:Watch4,2, software:5.2.1>","SwimmingStrokeCount","count",2019-06-29 09:36:28 +0200,2019-06-29 09:34:23 +0200,2019-06-29 09:35:20 +0200,27
"Pedro’s Apple Watch","5.2.1","<<HKDevice: 0x283d83070>, name:Apple Watch, manufacturer:Apple Inc., model:Watch, hardware:Watch4,2, software:5.2.1>","SwimmingStrokeCount","count",2019-06-29 09:37:27 +0200,2019-06-29 09:35:25 +0200,2019-06-29 09:36:22 +0200,27
"Pedro’s Apple Watch","5.2.1","<<HKDevice: 0x283d83110>, name:Apple Watch, manufacturer:Apple Inc., model:Watch, hardware:Watch4,2, software:5.2.1>","SwimmingStrokeCount","count",2019-06-29 09:38:31 +0200,2019-06-29 09:36:25 +0200,2019-06-29 09:37:22 +0200,26
"Pedro’s Apple Watch","5.2.1","<<HKDevice: 0x283d831b0>, name:Apple Watch, manufacturer:Apple Inc., model:Watch, hardware:Watch4,2, software:5.2.1>","SwimmingStrokeCount","count",2019-06-29 09:39:51 +0200,2019-06-29 09:37:26 +0200,2019-06-29 09:38:24 +0200,28
"Pedro’s Apple Watch","5.2.1","<<HKDevice: 0x283d83250>, name:Apple Watch, manufacturer:Apple Inc., model:Watch, hardware:Watch4,2, software:5.2.1>","SwimmingStrokeCount","count",2019-06-29 09:40:55 +0200,2019-06-29 09:38:51 +0200,2019-06-29 09:39:41 +0200,29
"Pedro’s Apple Watch","5.2.1","<<HKDevice: 0x283d832f0>, name:Apple Watch, manufacturer:Apple Inc., model:Watch, hardware:Watch4,2, software:5.2.1>","SwimmingStrokeCount","count",2019-06-29 09:43:03 +0200,2019-06-29 09:39:43 +0200,2019-06-29 09:40:42 +0200,28
"Pedro’s Apple Watch","5.2.1","<<HKDevice: 0x283d83390>, name:Apple Watch, manufacturer:Apple Inc., model:Watch, hardware:Watch4,2, software:5.2.1>","SwimmingStrokeCount","count",2019-06-29 09:44:10 +0200,2019-06-29 09:42:07 +0200,2019-06-29 09:42:56 +0200,28
"Pedro’s Apple Watch","5.2.1","<<HKDevice: 0x283d83430>, name:Apple Watch, manufacturer:Apple Inc., model:Watch, hardware:Watch4,2, software:5.2.1>","SwimmingStrokeCount","count",2019-06-29 09:45:12 +0200,2019-06-29 09:42:56 +0200,2019-06-29 09:44:05 +0200,33
"Pedro’s Apple Watch","5.2.1","<<HKDevice: 0x283d834d0>, name:Apple Watch, manufacturer:Apple Inc., model:Watch, hardware:Watch4,2, software:5.2.1>","SwimmingStrokeCount","count",2019-06-29 09:46:13 +0200,2019-06-29 09:44:09 +0200,2019-06-29 09:45:05 +0200,29
"Pedro’s Apple Watch","5.2.1","<<HKDevice: 0x283d83570>, name:Apple Watch, manufacturer:Apple Inc., model:Watch, hardware:Watch4,2, software:5.2.1>","SwimmingStrokeCount","count",2019-06-29 09:47:10 +0200,2019-06-29 09:45:09 +0200,2019-06-29 09:46:07 +0200,29
"Pedro’s Apple Watch","5.2.1","<<HKDevice: 0x283d83610>, name:Apple Watch, manufacturer:Apple Inc., model:Watch, hardware:Watch4,2, software:5.2.1>","SwimmingStrokeCount","count",2019-06-29 09:48:09 +0200,2019-06-29 09:46:10 +0200,2019-06-29 09:47:04 +0200,27
"Pedro’s Apple Watch","5.2.1","<<HKDevice: 0x283d836b0>, name:Apple Watch, manufacturer:Apple Inc., model:Watch, hardware:Watch4,2, software:5.2.1>","SwimmingStrokeCount","count",2019-06-29 09:49:10 +0200,2019-06-29 09:47:06 +0200,2019-06-29 09:48:02 +0200,30
"Pedro’s Apple Watch","5.2.1","<<HKDevice: 0x283d83750>, name:Apple Watch, manufacturer:Apple Inc., model:Watch, hardware:Watch4,2, software:5.2.1>","SwimmingStrokeCount","count",2019-06-29 09:50:04 +0200,2019-06-29 09:48:05 +0200,2019-06-29 09:48:58 +0200,29
"Pedro’s Apple Watch","5.2.1","<<HKDevice: 0x283d837f0>, name:Apple Watch, manufacturer:Apple Inc., model:Watch, hardware:Watch4,2, software:5.2.1>","SwimmingStrokeCount","count",2019-06-29 09:50:55 +0200,2019-06-29 09:49:28 +0200,2019-06-29 09:49:37 +0200,6
"Pedro’s Apple Watch","5.2.1","<<HKDevice: 0x283d83890>, name:Apple Watch, manufacturer:Apple Inc., model:Watch, hardware:Watch4,2, software:5.2.1>","SwimmingStrokeCount","count",2019-06-29 09:51:37 +0200,2019-06-29 09:49:53 +0200,2019-06-29 09:50:20 +0200,5
